{"ts":"2026-04-26T06:41:45.50212Z","type":"decision_made","agent":"human/chet-bellows","slug":"execution-plan","message":"Phase 6 complete (25 MCP tools). Proceeding to Phase 7: Monetization + Enterprise."}
{"ts":"2026-05-04T20:38:53.713479Z","type":"delivery_complete","agent":"human/chet-bellows","slug":"codex-trust-nudge","message":"Delivered codex-trust-nudge: Codex install now prints one-time Hero CLI approval guidance and hero trust codex reprints it."}
{"ts":"2026-05-05T02:59:28.499378Z","type":"delivery_complete","agent":"human/chet-bellows","slug":"restore-hero-feed-cli","message":"Restored top-level hero feed CLI using existing internal/feed backend; verified filters, JSON output, and real repo feed read."}
{"ts":"2026-05-05T03:04:04.316245Z","type":"spec_created","agent":"human/chet-bellows","slug":"next-noop-writes","message":"Designed next-noop-writes to suppress timestamp-only NEXT handoff rewrites while preserving updated timestamps for real semantic changes."}
{"ts":"2026-05-05T03:08:28.577995Z","type":"delivery_complete","agent":"human/chet-bellows","slug":"next-noop-writes","message":"Delivered next-noop-writes: checkpoint writes now skip unchanged files and preserve updated timestamps for projected NEXT files when semantic content is unchanged."}
{"ts":"2026-05-05T22:06:37.96339Z","type":"files_modified","agent":"mcp/hero","slug":"docs-scrub","message":"Deep documentation scrub: rewrote README/Getting Started/MCP/team docs and updated stale agent/command references to current CLI groupings."}
{"ts":"2026-05-15T19:21:07.877837Z","type":"workspace.peer_id_minted","agent":"hero","message":"peer_id minted (migration): 6341a260-0409-4663-9a04-92ff34b01288"}
{"ts":"2026-05-17T14:36:52.49832Z","type":"peer.call.invoked","agent":"hero","slug":"unified-spec-type-model","message":"peer call advisory mode=advisory target=hero-code call_id=18b06118ed381d48e1cf68277f6af0a2"}
{"ts":"2026-05-17T14:39:46.022784Z","type":"peer.call.completed","agent":"hero","slug":"unified-spec-type-model","message":"peer call ok mode=advisory target=hero-code kind=findings call_id=18b06118ed381d48e1cf68277f6af0a2"}
{"ts":"2026-05-17T21:39:39.917066Z","type":"peer.call.invoked","agent":"hero","slug":"pm-foundation-delivery","message":"peer call advisory mode=advisory target=hero-code call_id=18b0782b3d33c6204f79ffb0c2ba0a40"}
{"ts":"2026-05-17T21:42:55.213429Z","type":"peer.call.completed","agent":"hero","slug":"pm-foundation-delivery","message":"peer call ok mode=advisory target=hero-code kind=findings call_id=18b0782b3d33c6204f79ffb0c2ba0a40"}
{"ts":"2026-05-17T22:22:22.358782Z","type":"peer.call.invoked","agent":"hero","slug":"hero-code-handover-pack","message":"peer call advisory mode=advisory target=hero-code call_id=18b07a7fdaa18680c077248207f9c770"}
{"ts":"2026-05-17T22:26:12.48535Z","type":"peer.call.completed","agent":"hero","slug":"hero-code-handover-pack","message":"peer call ok mode=advisory target=hero-code kind=findings call_id=18b07a7fdaa18680c077248207f9c770"}
{"ts":"2026-05-18T00:22:41.051234Z","type":"peer.call.invoked","agent":"hero","slug":"hero-chat-and-model","message":"peer call advisory mode=advisory target=hero-code call_id=18b08110963ad1f82e1cdb89046be394"}
{"ts":"2026-05-18T00:26:05.981803Z","type":"peer.call.completed","agent":"hero","slug":"hero-chat-and-model","message":"peer call ok mode=advisory target=hero-code kind=findings call_id=18b08110963ad1f82e1cdb89046be394"}
{"ts":"2026-05-18T17:06:43.123477Z","type":"files_modified","agent":"mcp/hero","slug":"hero-surface-polish-v4","message":"Starting delivery: 7 fixes — Work view-tab active state, mdrender wrapped list items + escaped pipes, /now dedup group coverage, detail browser titles, rendered-body table CSS, collapsed-rows nesting."}
{"ts":"2026-05-18T17:12:50.117736Z","type":"files_modified","agent":"mcp/hero","slug":"hero-surface-polish-v4","message":"Delivered v4 — 7 fixes: Work view-toolbar active state + root render (page.go, view-toolbar.html, page.html, tests); mdrender wrapped-list continuation + escaped-pipe table cells (mdrender.go + tests); /now dedup groups for spec.complete*, claim_acquired, peer_id.*, handoff.*, check.* (changes.go + tests); detail browser-title display-name suffix for /work/spec/\u003cslug\u003e and /knowledge/\u003cslug\u003e; rendered-body table CSS width: auto + max-width 100%; .now-feed-collapsed-rows left-inset nesting (margin-left 92px + border-left). All tests pass; smoke confirmed via curl on port 7459."}
{"ts":"2026-05-18T17:17:11.128553Z","type":"delivery_complete","agent":"mcp/hero","slug":"hero-surface-polish-v4","message":"v4 shipped as 83c767c — 7 fixes bundled (Work view-tab active + root toolbar, mdrender wrapped li + escaped pipes, /now dedup groups, detail browser titles, table CSS, collapsed-rows nesting). go build/test green, smoke verified on port 7459. v5 carry-overs in spec Kickoff."}
{"ts":"2026-05-18T17:47:18.434107Z","type":"files_modified","agent":"mcp/hero","slug":"hero-surface-polish-v5","message":"Starting v5 delivery: knowledge loader dir-style + nested, corpus undercount, /agents root title, SSE toolbar route hint, splitTableRow escape state, toolbarData.Active contract."}
{"ts":"2026-05-18T17:54:01.755678Z","type":"files_modified","agent":"mcp/hero","slug":"hero-surface-polish-v5","message":"Delivered v5 (6 fixes): knowledge loader+corpus walk dir-style+nested entries (corpus 15→36); /agents root title fixed to \"Agents\"; SSE toolbar fragment honors ?view=; splitTableRow rewritten with proper escape state; toolbarData.Active zero-value contract documented and tested. All go build + go test ./... pass. Smoke verified on :7459."}
{"ts":"2026-05-18T17:57:35.53036Z","type":"delivery_complete","agent":"mcp/hero","slug":"hero-surface-polish-v5","message":"v5 shipped as 9f988e5 — 6 fixes (knowledge loader + corpus dir-style/nested resolution; /agents root title; SSE toolbar ?view= hint; mdrender escape state machine; toolbarData.Active contract). Corpus jumped 15 → 36. go build/test green; smoke verified on port 7459. v6 carry-overs in spec Kickoff (loose top-level entries, no SSE toolbar subscriber, depth-2 limit, cross-kind dedup, sub-nav \"Sessions\" tab vs root title, renderToolbar helper extraction)."}
{"ts":"2026-05-18T18:11:27.672377Z","type":"peer.call.invoked","agent":"hero","slug":"hero-context-layer2-optimize","message":"peer call advisory mode=advisory target=hero-code call_id=18b0bb633ab421d00f3868a369875030"}
{"ts":"2026-05-18T18:12:20.326377Z","type":"peer.call.completed","agent":"hero","slug":"hero-context-layer2-optimize","message":"peer call returned but local persist failed: related spec \"hero-context-layer2-optimize\" not found in this workspace (call_id 18b0bb633ab421d00f3868a369875030)"}
{"ts":"2026-05-18T18:12:36.897142Z","type":"peer.call.invoked","agent":"hero","slug":"next-checkpoint-cross-repo-pollution","message":"peer call advisory mode=advisory target=hero-code call_id=18b0bb7358d24f88e1a3eb58a7d6f86d"}
{"ts":"2026-05-18T18:13:21.931259Z","type":"peer.call.completed","agent":"hero","slug":"next-checkpoint-cross-repo-pollution","message":"peer call ok mode=advisory target=hero-code kind=findings call_id=18b0bb7358d24f88e1a3eb58a7d6f86d"}
{"ts":"2026-05-19T13:36:56.057054Z","type":"peer.call.invoked","agent":"hero","slug":"pm-platform-delivery","message":"peer call advisory mode=advisory target=hero-code call_id=18b0fafcb33b89809bf357fe190a9246"}
{"ts":"2026-05-19T13:37:17.577605Z","type":"peer.call.invoked","agent":"hero","slug":"pm-platform-delivery","message":"peer call advisory mode=advisory target=hero-code call_id=18b0fb01b5f4f6987e7d04b88b99f8d3"}
{"ts":"2026-05-19T13:39:16.841756Z","type":"peer.call.completed","agent":"hero","slug":"pm-platform-delivery","message":"peer call ok mode=advisory target=hero-code kind=findings call_id=18b0fb01b5f4f6987e7d04b88b99f8d3"}
{"ts":"2026-05-19T14:39:33.848204Z","type":"delivery_complete","agent":"human/chet-bellows","slug":"dashboard-delivery-events-never-emitted","message":"hero spec complete never emits delivery_complete event — shipped-spec counts always understated"}
{"ts":"2026-05-19T14:39:33.848399Z","type":"spec.status_changed","agent":"human/chet-bellows","slug":"dashboard-delivery-events-never-emitted","message":"status -\u003e completed"}
{"ts":"2026-05-19T14:44:57.5354Z","type":"delivery_complete","agent":"human/chet-bellows","slug":"dashboard-adapter-state-hardcoded","message":"Dashboard adapter state is hardcoded — \"via hero-code\" chip lies, panels disagree"}
{"ts":"2026-05-19T14:44:57.535508Z","type":"spec.status_changed","agent":"human/chet-bellows","slug":"dashboard-adapter-state-hardcoded","message":"status -\u003e completed"}
{"ts":"2026-05-19T22:37:46.944959Z","type":"delivery_complete","agent":"human/chet-bellows","slug":"domain-routing-and-agents","message":"Domain Routing and Agents — Active-Pack AGENTS.md and Agent Loader"}
{"ts":"2026-05-19T22:37:46.945046Z","type":"spec.status_changed","agent":"human/chet-bellows","slug":"domain-routing-and-agents","message":"status -\u003e completed"}
{"ts":"2026-05-19T22:46:31.511893Z","type":"delivery_complete","agent":"human/chet-bellows","slug":"scan-pluggability","message":"Scan Pluggability — Per-Domain `hero scan` Implementations"}
{"ts":"2026-05-19T22:46:31.511986Z","type":"spec.status_changed","agent":"human/chet-bellows","slug":"scan-pluggability","message":"status -\u003e completed"}
{"ts":"2026-05-19T22:48:00.067202Z","type":"delivery_complete","agent":"human/chet-bellows","slug":"hero-code-handover-pack","message":"Hero-Code Handover Pack — Make the PM Foundation Consumable"}
{"ts":"2026-05-19T22:48:00.067282Z","type":"spec.status_changed","agent":"human/chet-bellows","slug":"hero-code-handover-pack","message":"status -\u003e completed"}
{"ts":"2026-05-19T22:49:28.116392Z","type":"peer.call.invoked","agent":"hero","slug":"pm-platform-delivery","message":"peer call advisory mode=advisory target=hero-code call_id=18b1192383f3d368b16ac54c40ec7859"}
{"ts":"2026-05-19T22:49:32.197873Z","type":"peer.call.invoked","agent":"hero","slug":"pm-platform-delivery","message":"peer call advisory mode=advisory target=hero-code call_id=18b11924773a44a8c51c03755cc4ab5b"}
{"ts":"2026-05-19T22:49:55.993117Z","type":"delivery_complete","agent":"human/chet-bellows","slug":"hero-serve-multi-project","message":"hero serve — multi-project lifecycle and dashboard awareness"}
{"ts":"2026-05-19T22:49:55.993209Z","type":"spec.status_changed","agent":"human/chet-bellows","slug":"hero-serve-multi-project","message":"status -\u003e completed"}
{"ts":"2026-05-19T22:52:08.544896Z","type":"peer.call.completed","agent":"hero","slug":"pm-platform-delivery","message":"peer call ok mode=advisory target=hero-code kind=findings call_id=18b11924773a44a8c51c03755cc4ab5b"}
{"ts":"2026-05-19T22:53:19.074347Z","type":"delivery_complete","agent":"human/chet-bellows","slug":"pm-platform-delivery","message":"PM Platform Delivery — Ship the Designed Primitives So hero-code Can Build hero-pm"}
{"ts":"2026-05-19T22:53:19.074496Z","type":"spec.status_changed","agent":"human/chet-bellows","slug":"pm-platform-delivery","message":"status -\u003e completed"}
{"ts":"2026-05-19T23:30:23.779964Z","type":"peer.call.invoked","agent":"hero","slug":"pm-platform-delivery","message":"peer call advisory mode=advisory target=hero-code call_id=18b11b5f44e886081f9859721c81ae07"}
{"ts":"2026-05-19T23:32:03.800333Z","type":"peer.call.completed","agent":"hero","slug":"pm-platform-delivery","message":"peer call ok mode=advisory target=hero-code kind=findings call_id=18b11b5f44e886081f9859721c81ae07"}
{"ts":"2026-05-19T23:46:02.891855Z","type":"delivery_complete","agent":"human/chet-bellows","slug":"peer-call-result-yaml-int-strict-parse","message":"\"peer call result fails YAML unmarshal when subagent emits tilde-approximated ints (e.g. tokens: ~22000)\""}
{"ts":"2026-05-19T23:46:02.891943Z","type":"spec.status_changed","agent":"human/chet-bellows","slug":"peer-call-result-yaml-int-strict-parse","message":"status -\u003e completed"}
{"ts":"2026-05-19T23:50:32.909926Z","type":"delivery_complete","agent":"human/chet-bellows","slug":"peer-call-findings-truncation-and-persistence","message":"hero peer call truncates advisory findings at 400 chars and persists nothing retrievable"}
{"ts":"2026-05-19T23:50:32.910031Z","type":"spec.status_changed","agent":"human/chet-bellows","slug":"peer-call-findings-truncation-and-persistence","message":"status -\u003e completed"}
{"ts":"2026-05-20T00:18:20.415896Z","type":"delivery_complete","agent":"human/chet-bellows","slug":"hero-serve-dashboard-redesign","message":"hero serve dashboard redesign — Now and Work pages"}
{"ts":"2026-05-20T00:18:20.41599Z","type":"spec.status_changed","agent":"human/chet-bellows","slug":"hero-serve-dashboard-redesign","message":"status -\u003e completed"}
{"ts":"2026-05-20T01:13:20.074005Z","type":"delivery_complete","agent":"human/chet-bellows","slug":"hero-serve-project-section-mvp","message":"hero serve Project Section — Phase 1 MVP (Read-Only Per-Project Page)"}
{"ts":"2026-05-20T01:13:20.074091Z","type":"spec.status_changed","agent":"human/chet-bellows","slug":"hero-serve-project-section-mvp","message":"status -\u003e completed"}
{"ts":"2026-05-20T02:41:38.61665Z","type":"delivery_complete","agent":"human/chet-bellows","slug":"hero-serve-project-section-aggregate","message":"hero serve Project Section — Phase 2 Aggregate (/p/all/project)"}
{"ts":"2026-05-20T02:41:38.616736Z","type":"spec.status_changed","agent":"human/chet-bellows","slug":"hero-serve-project-section-aggregate","message":"status -\u003e completed"}
{"ts":"2026-05-20T04:47:55.138499Z","type":"delivery_complete","agent":"human/chet-bellows","slug":"hero-serve-project-section-opsrunner","message":"hero serve Project Section — Phase 3 Operations Runner"}
{"ts":"2026-05-20T04:47:55.138599Z","type":"spec.status_changed","agent":"human/chet-bellows","slug":"hero-serve-project-section-opsrunner","message":"status -\u003e completed"}
{"ts":"2026-05-20T05:04:35.647181Z","type":"delivery_complete","agent":"human/chet-bellows","slug":"hero-serve-project-section-destructive","message":"hero serve Project Section — Phase 4 Destructive Operations (Registry, Danger Zone, Stop Daemon)"}
{"ts":"2026-05-20T05:04:35.647285Z","type":"spec.status_changed","agent":"human/chet-bellows","slug":"hero-serve-project-section-destructive","message":"status -\u003e completed"}
{"ts":"2026-05-20T05:28:41.258316Z","type":"delivery_complete","agent":"human/chet-bellows","slug":"hero-serve-project-section-healthcache","message":"hero serve Project Section — Phase 5 Health Cache and Peer Probes"}
{"ts":"2026-05-20T05:28:41.25841Z","type":"spec.status_changed","agent":"human/chet-bellows","slug":"hero-serve-project-section-healthcache","message":"status -\u003e completed"}
{"ts":"2026-05-20T05:29:12.034768Z","type":"delivery_complete","agent":"human/chet-bellows","slug":"hero-serve-project-section","message":"hero serve Project Section — Per-Project Info, Utilities, and Operations Page"}
{"ts":"2026-05-20T05:29:12.034858Z","type":"spec.status_changed","agent":"human/chet-bellows","slug":"hero-serve-project-section","message":"status -\u003e completed"}
{"ts":"2026-05-21T05:13:29.253507Z","type":"delivery_complete","agent":"human/chet-bellows","slug":"mockups-link-back-to-specs","message":"Mockups link back to specs"}
{"ts":"2026-05-21T05:13:29.253597Z","type":"spec.status_changed","agent":"human/chet-bellows","slug":"mockups-link-back-to-specs","message":"status -\u003e completed"}
{"ts":"2026-05-21T14:18:37.981969Z","type":"delivery_complete","agent":"human/chet-bellows","slug":"read-dont-guess","message":"\"Read Don't Guess — Force Agents to Ground Claims in Code Before Proposing\""}
{"ts":"2026-05-21T14:18:37.982074Z","type":"spec.status_changed","agent":"human/chet-bellows","slug":"read-dont-guess","message":"status -\u003e completed"}
{"ts":"2026-05-22T03:58:20.276737Z","type":"delivery_complete","agent":"human/chet-bellows","slug":"next-compact-handoff","message":"\"Compact Handoff — Session-Scoped Resume Context at Compaction Time\""}
{"ts":"2026-05-22T03:58:20.276825Z","type":"spec.status_changed","agent":"human/chet-bellows","slug":"next-compact-handoff","message":"status -\u003e completed"}
{"ts":"2026-05-22T19:02:56.217703Z","type":"delivery_complete","agent":"human/chet-bellows","slug":"delivery-completion-discipline","message":"\"Delivery Completion Discipline — Stop Agents from Silently Narrowing Scope, Punting Hard Items, or Yielding Early\""}
{"ts":"2026-05-22T19:02:56.217859Z","type":"spec.status_changed","agent":"human/chet-bellows","slug":"delivery-completion-discipline","message":"status -\u003e completed"}
{"event":"claimed","slug":"embedded-inference","agent":"mcp-agent","at":"2026-05-29T23:48:12.34573-06:00"}
{"ts":"2026-05-31T01:04:22.459978Z","type":"delivery_complete","agent":"human/chet-bellows","slug":"superseded-specs-soft-archive","message":"Superseded Specs — Frontmatter-Based Soft Archive"}
{"ts":"2026-05-31T01:04:22.460048Z","type":"spec.status_changed","agent":"human/chet-bellows","slug":"superseded-specs-soft-archive","message":"status -\u003e completed"}
{"ts":"2026-05-31T01:18:22.728091Z","type":"delivery_complete","agent":"human/chet-bellows","slug":"embeddings-superseded-respect","message":"Embeddings \u0026 Vector Retrieval Respect `superseded_by`"}
{"ts":"2026-05-31T01:18:22.728207Z","type":"spec.status_changed","agent":"human/chet-bellows","slug":"embeddings-superseded-respect","message":"status -\u003e completed"}
{"ts":"2026-06-01T03:07:26.969991Z","type":"delivery_complete","agent":"human/chet-bellows","slug":"mockup-renderer-selection-swiftui-bias","message":"Mockup renderer selection biases to HTML on Swift projects"}
{"ts":"2026-06-01T03:07:26.970077Z","type":"spec.status_changed","agent":"human/chet-bellows","slug":"mockup-renderer-selection-swiftui-bias","message":"status -\u003e completed"}
{"ts":"2026-06-01T03:07:27.647249Z","type":"delivery_complete","agent":"human/chet-bellows","slug":"native-mockup-rendering","message":"\"Native Mockup Rendering — Real Platform UI from /mock\""}
{"ts":"2026-06-01T03:07:27.647352Z","type":"spec.status_changed","agent":"human/chet-bellows","slug":"native-mockup-rendering","message":"status -\u003e completed"}
{"ts":"2026-06-01T03:37:40.464153Z","type":"delivery_complete","agent":"human/chet-bellows","slug":"deliver-stamps-completed-at","message":"\"Stamp completed_at into spec frontmatter on status transition\""}
{"ts":"2026-06-01T03:37:40.464233Z","type":"spec.status_changed","agent":"human/chet-bellows","slug":"deliver-stamps-completed-at","message":"status -\u003e completed"}
{"ts":"2026-06-01T03:41:23.88498Z","type":"peer.call.invoked","agent":"hero","slug":"deliver-stamps-completed-at","message":"peer call advisory mode=advisory target=hero-code call_id=18b4d80888d267a859a6b9e12a7c4000"}
{"ts":"2026-06-01T03:41:44.132698Z","type":"peer.call.invoked","agent":"hero","slug":"deliver-stamps-completed-at","message":"peer call advisory mode=advisory target=hero-code call_id=18b4d80d3fadb640c7ec6e9c1ea5d992"}
{"ts":"2026-06-01T03:42:53.110162Z","type":"peer.call.completed","agent":"hero","slug":"deliver-stamps-completed-at","message":"peer call ok mode=advisory target=hero-code kind=findings call_id=18b4d80d3fadb640c7ec6e9c1ea5d992 artifact=private-peer-result-excluded"}
{"ts":"2026-06-01T03:56:23.840207Z","type":"peer.call.invoked","agent":"hero","slug":"deliver-stamps-completed-at","message":"peer call advisory mode=advisory target=hero-code call_id=18b4d8da1254fb90233fc02645fc71df"}
{"ts":"2026-06-01T03:56:24.994022Z","type":"spec_updated","agent":"mcp/hero","slug":"spec-size-and-promotion-nudge","message":"Starting delivery (supervised). User ask: add living size: frontmatter field with promotion nudge. Plan: 5 slices; slice 1 = schema + validator + frontmatter parsing (zero behavior change)."}
{"ts":"2026-06-01T03:56:53.63639Z","type":"peer.call.completed","agent":"hero","slug":"deliver-stamps-completed-at","message":"peer call ok mode=advisory target=hero-code kind=findings call_id=18b4d8da1254fb90233fc02645fc71df artifact=private-peer-result-excluded"}
{"ts":"2026-06-01T14:31:40.797728Z","type":"delivery_complete","agent":"human/chet-bellows","slug":"spec-size-and-promotion-nudge","message":"\"Spec Size Field and Promotion Nudge — A Living `size:` That Raises the Floor\""}
{"ts":"2026-06-01T14:31:40.797841Z","type":"spec.status_changed","agent":"human/chet-bellows","slug":"spec-size-and-promotion-nudge","message":"status -\u003e completed"}
{"ts":"2026-06-01T15:43:51.935395Z","type":"delivery_complete","agent":"human/chet-bellows","slug":"tracker-update-size","message":"\"Tracker UpdateSize — close the size push loop\""}
{"ts":"2026-06-01T15:43:51.93548Z","type":"spec.status_changed","agent":"human/chet-bellows","slug":"tracker-update-size","message":"status -\u003e completed"}
{"ts":"2026-06-01T19:50:49.58875Z","type":"delivery_complete","agent":"human/chet-bellows","slug":"roadmap-review","message":"Roadmap Review — Command, Agent, and Skill for On-Demand Shape Detection"}
{"ts":"2026-06-01T19:50:49.588826Z","type":"spec.status_changed","agent":"human/chet-bellows","slug":"roadmap-review","message":"status -\u003e completed"}
{"ts":"2026-06-01T21:12:39.289947Z","type":"delivery_complete","agent":"human/chet-bellows","slug":"size-drift-actionable-output","message":"Size-Drift Actionable Output — Inline Next-Step and Dedupe Duplicate Error"}
{"ts":"2026-06-01T21:12:39.290076Z","type":"spec.status_changed","agent":"human/chet-bellows","slug":"size-drift-actionable-output","message":"status -\u003e completed"}
{"ts":"2026-06-01T21:21:30.788361Z","type":"delivery_complete","agent":"human/chet-bellows","slug":"multi-spec-design-routing","message":"Multi-Spec Design Routing — Nudge from /design ×N to /compose"}
{"ts":"2026-06-01T21:21:30.78845Z","type":"spec.status_changed","agent":"human/chet-bellows","slug":"multi-spec-design-routing","message":"status -\u003e completed"}
{"ts":"2026-06-01T23:43:44.060248Z","type":"delivery_complete","agent":"human/chet-bellows","slug":"roadmap-review-ambient-surfacing","message":"Roadmap-Review Ambient Surfacing — NEXT.md, Pulse, and Pre-Flight Hooks"}
{"ts":"2026-06-01T23:43:44.060341Z","type":"spec.status_changed","agent":"human/chet-bellows","slug":"roadmap-review-ambient-surfacing","message":"status -\u003e completed"}
{"ts":"2026-06-01T23:44:10.014313Z","type":"delivery_complete","agent":"human/chet-bellows","slug":"roadmap-shape","message":"Roadmap Shape — Detect, Surface, and Resolve Spec-Shape Drift"}
{"ts":"2026-06-01T23:44:10.01605Z","type":"spec.status_changed","agent":"human/chet-bellows","slug":"roadmap-shape","message":"status -\u003e completed"}
{"ts":"2026-06-03T03:39:56.592839Z","type":"delivery_complete","agent":"human/chet-bellows","slug":"hero-mcp-orphan-no-parent-liveness","message":"\"hero mcp stdio servers orphan and accumulate — no parent-liveness backstop\""}
{"ts":"2026-06-03T03:39:56.592954Z","type":"spec.status_changed","agent":"human/chet-bellows","slug":"hero-mcp-orphan-no-parent-liveness","message":"status -\u003e completed"}
{"ts":"2026-06-04T03:02:47.381911Z","type":"delivery_complete","agent":"human/chet-bellows","slug":"next-team-mode-per-user-handoff-unmaintained","message":"Team-mode NEXT handoff is half-built — per-user .hero/next/\u003cuser\u003e.md is neither projected nor migrated"}
{"ts":"2026-06-04T03:02:47.382014Z","type":"spec.status_changed","agent":"human/chet-bellows","slug":"next-team-mode-per-user-handoff-unmaintained","message":"status -\u003e completed"}
{"ts":"2026-06-04T03:19:55.635525Z","type":"delivery_complete","agent":"human/chet-bellows","slug":"next-projection-gate-punts-migration-to-user","message":"NEXT-projection migration gate punts migration to the user instead of doing it automatically"}
{"ts":"2026-06-04T03:19:55.635645Z","type":"spec.status_changed","agent":"human/chet-bellows","slug":"next-projection-gate-punts-migration-to-user","message":"status -\u003e completed"}
{"ts":"2026-06-04T04:34:25.156314Z","type":"delivery_complete","agent":"human/chet-bellows","slug":"next-merge-driver-not-portable","message":"\"hero-next merge driver isn't portable — fresh clones get raw conflict markers in projected NEXT files\""}
{"ts":"2026-06-04T04:34:25.157226Z","type":"spec.status_changed","agent":"human/chet-bellows","slug":"next-merge-driver-not-portable","message":"status -\u003e completed"}
{"ts":"2026-06-04T04:34:26.462554Z","type":"delivery_complete","agent":"human/chet-bellows","slug":"next-snapshot-file-missing-merge-attribute","message":"SNAPSHOT.md is missing its merge-driver attribute — its merge-resolve handler is dead code and the file gets raw conflict markers"}
{"ts":"2026-06-04T04:34:26.462687Z","type":"spec.status_changed","agent":"human/chet-bellows","slug":"next-snapshot-file-missing-merge-attribute","message":"status -\u003e completed"}
{"ts":"2026-06-04T06:04:09.041419Z","type":"delivery_complete","agent":"human/chet-bellows","slug":"e2e-handoff-continuity","message":"E2E Handoff Continuity — The Magic Guardrail"}
{"ts":"2026-06-04T06:04:09.041512Z","type":"spec.status_changed","agent":"human/chet-bellows","slug":"e2e-handoff-continuity","message":"status -\u003e completed"}
{"ts":"2026-06-04T06:28:46.984076Z","type":"delivery_complete","agent":"human/chet-bellows","slug":"next-auto-emit-user-ask","message":"\"Auto-Emit UserAsk on End-of-Turn Checkpoint\""}
{"ts":"2026-06-04T06:28:46.984174Z","type":"spec.status_changed","agent":"human/chet-bellows","slug":"next-auto-emit-user-ask","message":"status -\u003e completed"}
{"ts":"2026-06-04T13:05:08.00161Z","type":"delivery_complete","agent":"human/chet-bellows","slug":"next-unconditional-commit-staging","message":"\"Handoff-file staging is opt-in and lives in only one of two hook installers\""}
{"ts":"2026-06-04T13:05:08.001709Z","type":"spec.status_changed","agent":"human/chet-bellows","slug":"next-unconditional-commit-staging","message":"status -\u003e completed"}
{"ts":"2026-06-04T14:42:26.08602Z","type":"delivery_complete","agent":"human/chet-bellows","slug":"resume-brief-surfaces-handoff","message":"Resume Brief Surfaces Handoff — Close the Load Half of the Magic"}
{"ts":"2026-06-04T14:42:26.086109Z","type":"spec.status_changed","agent":"human/chet-bellows","slug":"resume-brief-surfaces-handoff","message":"status -\u003e completed"}
{"ts":"2026-06-04T17:55:56.619728Z","type":"delivery_complete","agent":"human/chet-bellows","slug":"cross-machine-handoff-slug-mismatch","message":"\"Cross-machine handoff loads empty when the local user slug differs between machines\""}
{"ts":"2026-06-04T17:55:56.619833Z","type":"spec.status_changed","agent":"human/chet-bellows","slug":"cross-machine-handoff-slug-mismatch","message":"status -\u003e completed"}
{"ts":"2026-06-04T18:09:07.558052Z","type":"delivery_complete","agent":"human/chet-bellows","slug":"resume-brief-missing-project-context","message":"\"Resume brief's project-context sections come up empty — commits never become graph nodes, and a fresh clone has no project graph at all\""}
{"ts":"2026-06-04T18:09:07.558147Z","type":"spec.status_changed","agent":"human/chet-bellows","slug":"resume-brief-missing-project-context","message":"status -\u003e completed"}
{"ts":"2026-06-04T19:06:56.189396Z","type":"delivery_complete","agent":"human/chet-bellows","slug":"handoff-captures-session-intent","message":"\"Handoff captures session intent, not just the last message\""}
{"ts":"2026-06-04T19:06:56.189563Z","type":"spec.status_changed","agent":"human/chet-bellows","slug":"handoff-captures-session-intent","message":"status -\u003e completed"}
{"ts":"2026-06-04T21:04:52.524175Z","type":"peer.call.invoked","agent":"hero","slug":"desktop-sidebar-mcp-not-running","message":"peer call spec-out mode=spec-out target=hero-code call_id=18b5fcb77271f5a89ca04c452c688f8c"}
{"ts":"2026-06-04T21:14:52.581863Z","type":"peer.call.completed","agent":"hero","slug":"desktop-sidebar-mcp-not-running","message":"peer call failed: subagent timed out after 10m0s:  (call_id 18b5fcb77271f5a89ca04c452c688f8c)"}
{"ts":"2026-06-06T18:21:29.60593Z","type":"delivery_complete","agent":"human/chet-bellows","slug":"delivery-gate-enforcement","message":"\"Delivery Gate Enforcement — hero verify Becomes the Load-Bearing Checkpoint\""}
{"ts":"2026-06-06T18:21:29.606018Z","type":"spec.status_changed","agent":"human/chet-bellows","slug":"delivery-gate-enforcement","message":"status -\u003e completed"}
{"ts":"2026-06-09T15:47:45.161051Z","type":"delivery_complete","agent":"human/chet-bellows","slug":"codex-install-broken","message":"\"Codex install is broken — AGENTS.md body missing, agents/skills not materialized, MCP unreachable\""}
{"ts":"2026-06-09T15:47:45.16114Z","type":"spec.status_changed","agent":"human/chet-bellows","slug":"codex-install-broken","message":"status -\u003e completed"}
{"ts":"2026-06-09T16:55:40.946674Z","type":"delivery_complete","agent":"human/chet-bellows","slug":"master-ingest-restore","message":"Master Ingest Restore — `hero scan` Returns to Its V2 Promise"}
{"ts":"2026-06-09T16:55:40.946756Z","type":"spec.status_changed","agent":"human/chet-bellows","slug":"master-ingest-restore","message":"status -\u003e completed"}
{"ts":"2026-06-09T17:34:51.420331Z","type":"delivery_complete","agent":"human/chet-bellows","slug":"hero-local-merge-missing-dialect-fields","message":"hero.local.json merge doesn't forward vocabulary / methodology fields"}
{"ts":"2026-06-09T17:34:51.420434Z","type":"spec.status_changed","agent":"human/chet-bellows","slug":"hero-local-merge-missing-dialect-fields","message":"status -\u003e completed"}
{"ts":"2026-06-09T18:14:49.693996Z","type":"delivery_complete","agent":"human/chet-bellows","slug":"spec-types-cache-frontmatter-empty","message":"spec-types.json records emit frontmatter as null — loader never populates it"}
{"ts":"2026-06-09T18:14:49.694097Z","type":"spec.status_changed","agent":"human/chet-bellows","slug":"spec-types-cache-frontmatter-empty","message":"status -\u003e completed"}
{"ts":"2026-06-09T18:17:12.97811Z","type":"delivery_complete","agent":"human/chet-bellows","slug":"vocabulary-resolve-misses-methodology-derivation","message":"vocabulary.Resolve doesn't fold methodology-derived auto-derivation"}
{"ts":"2026-06-09T18:17:12.978189Z","type":"spec.status_changed","agent":"human/chet-bellows","slug":"vocabulary-resolve-misses-methodology-derivation","message":"status -\u003e completed"}
{"ts":"2026-06-09T18:21:22.768053Z","type":"delivery_complete","agent":"human/chet-bellows","slug":"delivery-gate-enforcement","message":"\"Delivery Gate Enforcement — hero verify Becomes the Load-Bearing Checkpoint\""}
{"ts":"2026-06-09T18:21:22.768157Z","type":"spec.status_changed","agent":"human/chet-bellows","slug":"delivery-gate-enforcement","message":"status -\u003e completed"}
{"ts":"2026-06-09T18:21:23.674722Z","type":"delivery_complete","agent":"human/chet-bellows","slug":"compact-handoff-test-coverage","message":"\"Compact Handoff Test Coverage — Close MVP Coverage Gaps\""}
{"ts":"2026-06-09T18:21:23.674828Z","type":"spec.status_changed","agent":"human/chet-bellows","slug":"compact-handoff-test-coverage","message":"status -\u003e completed"}
{"ts":"2026-06-09T18:29:13.275815Z","type":"spec_created","agent":"mcp/hero","slug":"hero-in-hero-code-parity","message":"Initiative spec authored: hero-in-hero-code-parity — 8 child specs across 3 waves fixing Hero workflow integration in hero-code desktop app. Wave 1 (P0): skill_run tool + harness-agnostic AGENTS.md. Wave 2 (P1): MCP readiness, auto-reconnect, stuck turn prevention. Wave 3 (P2): rgignore, fuzzy path resolution, permission validation. Next: /design hihcp-skill-run-tool."}
{"ts":"2026-06-09T18:33:01.450909Z","type":"delivery_complete","agent":"human/chet-bellows","slug":"unified-search","message":"Unified Search — Merge Federation Graph and On-Disk Spec Index"}
{"ts":"2026-06-09T18:33:01.451083Z","type":"spec.status_changed","agent":"human/chet-bellows","slug":"unified-search","message":"status -\u003e completed"}
{"ts":"2026-06-09T18:38:24.867935Z","type":"delivery_complete","agent":"human/chet-bellows","slug":"tripwire-system","message":"\"Tripwire System — Forbidden-Option Guardrails for Model Sessions\""}
{"ts":"2026-06-09T18:38:24.868054Z","type":"spec.status_changed","agent":"human/chet-bellows","slug":"tripwire-system","message":"status -\u003e completed"}
{"ts":"2026-06-09T18:42:06.945574Z","type":"delivery_complete","agent":"human/chet-bellows","slug":"traversal-queries","message":"Traversal Queries — `hero why` and `hero blocked`"}
{"ts":"2026-06-09T18:42:06.945687Z","type":"spec.status_changed","agent":"human/chet-bellows","slug":"traversal-queries","message":"status -\u003e completed"}
{"ts":"2026-06-09T18:46:26.752747Z","type":"delivery_complete","agent":"human/chet-bellows","slug":"spec-status-integrity","message":"Spec Status Integrity — Graph-Verified Delivery Claims"}
{"ts":"2026-06-09T18:46:26.752839Z","type":"spec.status_changed","agent":"human/chet-bellows","slug":"spec-status-integrity","message":"status -\u003e completed"}
{"ts":"2026-06-09T18:49:13.789742Z","type":"spec_updated","agent":"mcp/hero","slug":"hihcp-skill-run-tool","message":"Full design spec for skill_run native tool. Dispatch via AgentLoop intercept (not ToolExecutor), wire CommandRegistry + SkillRegistry from AppState. Commands first, skills second on lookup. 3 files to change, 0 new files. Ready for /deliver."}
{"ts":"2026-06-09T18:53:50.487398Z","type":"delivery_complete","agent":"human/chet-bellows","slug":"per-feature-smoke-coverage","message":"Per-Feature Smoke Coverage — Continuous Real-World Verification"}
{"ts":"2026-06-09T18:53:50.487474Z","type":"spec.status_changed","agent":"human/chet-bellows","slug":"per-feature-smoke-coverage","message":"status -\u003e completed"}
{"ts":"2026-06-09T19:01:11.290378Z","type":"delivery_complete","agent":"human/chet-bellows","slug":"monorepo-satellite-installs","message":"\"Monorepo Satellite Installs — One Workspace, Many Subfolder Entry Points\""}
{"ts":"2026-06-09T19:01:11.290462Z","type":"spec.status_changed","agent":"human/chet-bellows","slug":"monorepo-satellite-installs","message":"status -\u003e completed"}
{"ts":"2026-06-09T19:15:15.594592Z","type":"delivery_complete","agent":"human/chet-bellows","slug":"graph-conflict-detection","message":"Graph Conflict Detection — Detect and Surface Concurrent Node Divergence"}
{"ts":"2026-06-09T19:15:15.594686Z","type":"spec.status_changed","agent":"human/chet-bellows","slug":"graph-conflict-detection","message":"status -\u003e completed"}
{"ts":"2026-06-09T19:18:12.241238Z","type":"delivery_complete","agent":"human/chet-bellows","slug":"e2e-validation","message":"E2E Validation — Repeatable Take-It-For-A-Spin Smoke Test"}
{"ts":"2026-06-09T19:18:12.241332Z","type":"spec.status_changed","agent":"human/chet-bellows","slug":"e2e-validation","message":"status -\u003e completed"}
{"ts":"2026-06-09T19:21:37.758078Z","type":"delivery_complete","agent":"human/chet-bellows","slug":"e2e-traversal","message":"E2E Traversal Suite — Graph Queries Beat Grep"}
{"ts":"2026-06-09T19:21:37.758184Z","type":"spec.status_changed","agent":"human/chet-bellows","slug":"e2e-traversal","message":"status -\u003e completed"}
{"ts":"2026-06-09T19:23:51.81564Z","type":"delivery_complete","agent":"human/chet-bellows","slug":"e2e-discovery","message":"E2E Discovery Suite — The Model Can Find What's There"}
{"ts":"2026-06-09T19:23:51.815743Z","type":"spec.status_changed","agent":"human/chet-bellows","slug":"e2e-discovery","message":"status -\u003e completed"}
{"ts":"2026-06-09T19:29:57.015284Z","type":"delivery_complete","agent":"human/chet-bellows","slug":"cross-repo-peering","message":"\"Cross-Repo Peering — Conventions Travel, Specs Hand Off, Heroes Call Each Other\""}
{"ts":"2026-06-09T19:29:57.015373Z","type":"spec.status_changed","agent":"human/chet-bellows","slug":"cross-repo-peering","message":"status -\u003e completed"}
{"ts":"2026-06-09T19:35:15.504524Z","type":"delivery_complete","agent":"human/chet-bellows","slug":"embedded-inference","message":"\"Embedded Inference — Zero-Dependency Semantic Retrieval for Hero\""}
{"ts":"2026-06-09T19:35:15.504605Z","type":"spec.status_changed","agent":"human/chet-bellows","slug":"embedded-inference","message":"status -\u003e completed"}
{"ts":"2026-06-09T19:38:25.132584Z","type":"delivery_complete","agent":"human/chet-bellows","slug":"unified-retrieval-layer","message":"Unified Retrieval Layer — Cross-Type Ranking via Faceted Search Index"}
{"ts":"2026-06-09T19:38:25.132684Z","type":"spec.status_changed","agent":"human/chet-bellows","slug":"unified-retrieval-layer","message":"status -\u003e completed"}
{"ts":"2026-06-09T19:57:42.796871Z","type":"delivery_complete","agent":"human/chet-bellows","slug":"hero-sales","message":"Hero Sales — AI-Powered Sales Workflow for Revenue Teams"}
{"ts":"2026-06-09T19:57:42.797001Z","type":"spec.status_changed","agent":"human/chet-bellows","slug":"hero-sales","message":"status -\u003e completed"}
{"ts":"2026-06-09T21:23:18.923892Z","type":"peer.handoff.sent","agent":"hero","slug":"hihcp-skill-run-tool","message":"handed off to hero-code/hihcp-skill-run-tool (peer_id cd8dd06d-3df1-4878-a88f-24593dcbb4b3)"}
{"ts":"2026-06-11T02:30:51.171882Z","type":"delivery_complete","agent":"human/chet-bellows","slug":"landing-docs-content-refresh","message":"\"Landing Page \u0026 Docs Content Refresh — Peering, Semantic Search, Verify Gate\""}
{"ts":"2026-06-11T02:30:51.171968Z","type":"spec.status_changed","agent":"human/chet-bellows","slug":"landing-docs-content-refresh","message":"status -\u003e completed"}
{"ts":"2026-06-12T01:26:51.138647Z","type":"delivery_complete","agent":"human/chet-bellows","slug":"spec-completion-loop","message":"\"Spec Completion Loop — Ledger-to-Graph Writeback, Initiative Auto-Complete, and Verify Auto-Invoke\""}
{"ts":"2026-06-12T01:26:51.138728Z","type":"spec.status_changed","agent":"human/chet-bellows","slug":"spec-completion-loop","message":"status -\u003e completed"}
{"ts":"2026-06-22T01:03:27.129433Z","type":"delivery_complete","agent":"human/chet-bellows","slug":"verify-slug-resolution-hints","message":"\"Helpful spec-not-found errors for hero spec verify\""}
{"ts":"2026-06-22T01:03:27.129511Z","type":"spec.status_changed","agent":"human/chet-bellows","slug":"verify-slug-resolution-hints","message":"status -\u003e completed"}
{"ts":"2026-06-23T19:57:04.718117Z","type":"delivery_complete","agent":"human/bdwheeler","slug":"cst-verify-lifecycle-scoping","message":"\"hero spec verify runs delivery gates on planning drafts (no lifecycle guard)\""}
{"ts":"2026-06-23T19:57:04.718218Z","type":"spec.status_changed","agent":"human/bdwheeler","slug":"cst-verify-lifecycle-scoping","message":"status -\u003e completed"}
{"ts":"2026-06-23T19:57:05.401199Z","type":"delivery_complete","agent":"human/bdwheeler","slug":"cold-start-trust-hardening","message":"\"Cold-Start Trust Hardening — Fail Loud, Never Mislead, at First Use\""}
{"ts":"2026-06-23T19:57:05.401269Z","type":"spec.status_changed","agent":"human/bdwheeler","slug":"cold-start-trust-hardening","message":"status -\u003e completed"}
{"ts":"2026-06-23T22:29:43.98919Z","type":"delivery_complete","agent":"human/bdwheeler","slug":"cst-initiative-premature-autocomplete","message":"\"Initiative auto-completes when its only materialized child is delivered, ignoring unbuilt declared children\""}
{"ts":"2026-06-23T22:29:43.989268Z","type":"spec.status_changed","agent":"human/bdwheeler","slug":"cst-initiative-premature-autocomplete","message":"status -\u003e completed"}
{"ts":"2026-06-24T17:14:34.314598Z","type":"spec_created","agent":"mcp/hero","slug":"knowledge-export-cli","message":"Designed platform feature spec for `hero export knowledge \u003cdestination\u003e` with fail/skip/overwrite/merge convergence strategies and refreshed queue/index."}
{"event":"claimed","slug":"knowledge-export-cli","agent":"chet-bellows","at":"2026-06-24T10:32:40.204289-07:00"}
{"ts":"2026-06-24T18:01:14.966835Z","type":"peer.handoff.sent","agent":"hero","slug":"hihcp-mcp-first-turn-readiness","message":"handed off to hero-code/hihcp-mcp-first-turn-readiness (peer_id cd8dd06d-3df1-4878-a88f-24593dcbb4b3)"}
{"ts":"2026-06-24T18:01:15.062558Z","type":"peer.handoff.sent","agent":"hero","slug":"hihcp-mcp-auto-reconnect","message":"handed off to hero-code/hihcp-mcp-auto-reconnect (peer_id cd8dd06d-3df1-4878-a88f-24593dcbb4b3)"}
{"ts":"2026-06-24T18:01:15.155982Z","type":"peer.handoff.sent","agent":"hero","slug":"hihcp-agent-loop-error-recovery","message":"handed off to hero-code/hihcp-agent-loop-error-recovery (peer_id cd8dd06d-3df1-4878-a88f-24593dcbb4b3)"}
{"ts":"2026-06-24T18:01:15.251401Z","type":"peer.handoff.sent","agent":"hero","slug":"hihcp-permission-bridge-validation","message":"handed off to hero-code/hihcp-permission-bridge-validation (peer_id cd8dd06d-3df1-4878-a88f-24593dcbb4b3)"}
{"ts":"2026-06-24T18:01:15.359054Z","type":"peer.handoff.sent","agent":"hero","slug":"hihcp-rgignore","message":"handed off to hero-code/hihcp-rgignore (peer_id cd8dd06d-3df1-4878-a88f-24593dcbb4b3)"}
{"ts":"2026-06-24T18:01:15.459131Z","type":"peer.handoff.sent","agent":"hero","slug":"hihcp-agents-md-harness-agnostic","message":"handed off to hero-code/hihcp-agents-md-harness-agnostic (peer_id cd8dd06d-3df1-4878-a88f-24593dcbb4b3)"}
{"ts":"2026-06-24T18:01:15.550835Z","type":"peer.handoff.sent","agent":"hero","slug":"desktop-sidebar-mcp-not-running","message":"handed off to hero-code/desktop-sidebar-mcp-not-running (peer_id cd8dd06d-3df1-4878-a88f-24593dcbb4b3)"}
{"ts":"2026-06-24T18:09:11.36646Z","type":"peer.handoff.received","agent":"hero","slug":"cloud-cli-verify","message":"received from hero-cloud/cloud-cli-verify (peer_id 5770cae7-b233-45c0-8e5d-765338a6058c)"}
{"ts":"2026-06-24T18:44:02.127363Z","type":"blocker_hit","agent":"mcp/hero","slug":"knowledge-export-cli","message":"Implemented `knowledge-export-cli` and reached verify with ledger/audit/coverage passing; final build/test gate is blocked because this shell has no Go toolchain."}
{"ts":"2026-06-24T19:03:06.479865Z","type":"delivery_complete","agent":"human/jordon-saardchit","slug":"knowledge-export-cli","message":"Knowledge Export CLI"}
{"ts":"2026-06-24T19:03:06.479992Z","type":"spec.status_changed","agent":"human/jordon-saardchit","slug":"knowledge-export-cli","message":"status -\u003e completed"}
{"ts":"2026-06-24T19:03:22.515773Z","type":"delivery_complete","agent":"mcp/hero","slug":"knowledge-export-cli","message":"Completed `knowledge-export-cli`: final audit clean, `hero spec verify` passed all gates, and spec archived."}
{"ts":"2026-06-24T20:37:42.50759Z","type":"peer.call.invoked","agent":"hero","slug":"cloud-cli-verify","message":"peer call advisory mode=advisory target=hero-cloud call_id=18bc1ed748112d68bc35195e8b3b82ac"}
{"ts":"2026-06-24T20:37:43.944195Z","type":"peer.call.completed","agent":"hero","slug":"cloud-cli-verify","message":"peer call failed: subagent exited with error: exit status 1 (stderr: ) (call_id 18bc1ed748112d68bc35195e8b3b82ac)"}
{"ts":"2026-06-24T20:37:54.480176Z","type":"peer.call.invoked","agent":"hero","slug":"cloud-cli-verify","message":"peer call advisory mode=advisory target=hero-cloud call_id=18bc1eda11ae1d280001b3e595911a44"}
{"ts":"2026-06-24T20:38:03.306439Z","type":"peer.call.invoked","agent":"hero","slug":"cloud-cli-verify","message":"peer call advisory mode=advisory target=hero-cloud call_id=18bc1edc1fc3f868cf20bf73ec7ae0c6"}
{"ts":"2026-06-24T20:38:03.92558Z","type":"peer.call.completed","agent":"hero","slug":"cloud-cli-verify","message":"peer call failed: subagent exited with error: exit status 1 (stderr: ) (call_id 18bc1edc1fc3f868cf20bf73ec7ae0c6)"}
{"ts":"2026-06-24T20:38:12.018037Z","type":"peer.call.invoked","agent":"hero","message":"peer call advisory mode=advisory target=hero-cloud call_id=18bc1ede27046818429ea8d98a455ce3"}
{"ts":"2026-06-24T20:38:12.765835Z","type":"peer.call.completed","agent":"hero","message":"peer call failed: subagent exited with error: exit status 1 (stderr: ) (call_id 18bc1ede27046818429ea8d98a455ce3)"}
{"ts":"2026-06-24T20:38:35.25891Z","type":"peer.call.invoked","agent":"hero","message":"peer call advisory mode=advisory target=hero-cloud call_id=18bc1ee390480fc85a9738a511985a68"}
{"ts":"2026-06-24T20:38:35.911751Z","type":"peer.call.completed","agent":"hero","message":"peer call failed: subagent exited with error: exit status 1 (stderr: ) (call_id 18bc1ee390480fc85a9738a511985a68)"}
{"ts":"2026-06-24T22:17:29.354639Z","type":"peer.handoff.received","agent":"hero","slug":"team-oauth","message":"received from hero-cloud/team-oauth (peer_id 5770cae7-b233-45c0-8e5d-765338a6058c)"}
{"ts":"2026-06-24T22:17:54.373536Z","type":"peer.handoff.received","agent":"hero","slug":"team-connect","message":"received from hero-cloud/team-connect (peer_id 5770cae7-b233-45c0-8e5d-765338a6058c)"}
{"event":"claimed","slug":"mock-export-cli","agent":"chet-bellows","at":"2026-06-24T16:15:47.106804-07:00"}
{"ts":"2026-06-24T23:27:58.189887Z","type":"peer.call.invoked","agent":"hero","message":"peer call advisory mode=advisory target=hero-cloud call_id=18bc2821ce2c34082c0879f091744c98"}
{"ts":"2026-06-24T23:27:59.212486Z","type":"peer.call.completed","agent":"hero","message":"peer call failed: subagent CLI \"claude\" is not logged in — authenticate it and retry (run `claude` then `/login`, or set ANTHROPIC_API_KEY); CLI output: Not logged in · Please run /login (call_id 18bc2821ce2c34082c0879f091744c98)"}
{"event":"completed","slug":"mock-export-cli","agent":"chet-bellows","at":"2026-06-24T16:32:26.358435-07:00","duration_minutes":16}
{"ts":"2026-06-24T23:36:26.958932Z","type":"peer.call.invoked","agent":"hero","slug":"cloud-cli-verify","message":"peer call advisory mode=advisory target=hero-cloud call_id=18bc2898432b8f308b4b2e4d358b6714"}
{"ts":"2026-06-24T23:37:59.001097Z","type":"peer.call.completed","agent":"hero","slug":"cloud-cli-verify","message":"peer call ok mode=advisory target=hero-cloud kind=findings call_id=18bc2898432b8f308b4b2e4d358b6714 artifact=private-peer-result-excluded"}
{"ts":"2026-06-25T00:09:53.964823Z","type":"delivery_complete","agent":"human/bdwheeler","slug":"cli-sync-resilience","message":"\"CLI Sync Resilience — Unreachable Fallback \u0026 Mid-Sync Token Refresh\""}
{"ts":"2026-06-25T00:09:53.964915Z","type":"spec.status_changed","agent":"human/bdwheeler","slug":"cli-sync-resilience","message":"status -\u003e completed"}
{"ts":"2026-06-26T18:22:51.825694Z","type":"peer.handoff.received","agent":"hero","slug":"hero-idea-primitive-core","message":"received from hero-code/hero-idea-primitive-core (peer_id cd8dd06d-3df1-4878-a88f-24593dcbb4b3)"}
{"ts":"2026-06-27T00:27:39.603532Z","type":"peer.call.invoked","agent":"hero","slug":"hero-idea-primitive-core","message":"peer call advisory mode=advisory target=hero-code call_id=18bcc88ccdad7378b3600011124c181a"}
{"ts":"2026-06-27T00:29:07.158044Z","type":"peer.call.completed","agent":"hero","slug":"hero-idea-primitive-core","message":"peer call ok mode=advisory target=hero-code kind=findings call_id=18bcc88ccdad7378b3600011124c181a artifact=private-peer-result-excluded"}
{"ts":"2026-06-27T01:26:58.473558Z","type":"peer.call.invoked","agent":"hero","slug":"hero-idea-primitive-core","message":"peer call advisory mode=advisory target=hero-code call_id=18bccbc96adc6700f8a56408df73869d"}
{"ts":"2026-06-27T01:28:55.685442Z","type":"peer.call.completed","agent":"hero","slug":"hero-idea-primitive-core","message":"peer call ok mode=advisory target=hero-code kind=findings call_id=18bccbc96adc6700f8a56408df73869d artifact=private-peer-result-excluded"}
{"ts":"2026-06-27T21:43:21.774563Z","type":"delivery_complete","agent":"human/bdwheeler","slug":"initiative-goal-section","message":"\"Initiative `## Goal` section — the loop opener, parallel to a spec's Kickoff\""}
{"ts":"2026-06-27T21:43:21.774633Z","type":"spec.status_changed","agent":"human/bdwheeler","slug":"initiative-goal-section","message":"status -\u003e completed"}
{"ts":"2026-06-27T21:50:47.155893Z","type":"delivery_complete","agent":"human/bdwheeler","slug":"needs-me-predicate","message":"\"`needs_me()` predicate — the autonomy boundary + `autonomy:` policy field\""}
{"ts":"2026-06-27T21:50:47.156Z","type":"spec.status_changed","agent":"human/bdwheeler","slug":"needs-me-predicate","message":"status -\u003e completed"}
{"ts":"2026-06-27T23:44:49.878389Z","type":"delivery_complete","agent":"human/bdwheeler","slug":"hero-goal-command","message":"\"`hero goal` — emit the run condition, `--check` the per-turn verdict, Stop-hook contract\""}
{"ts":"2026-06-27T23:44:49.878491Z","type":"spec.status_changed","agent":"human/bdwheeler","slug":"hero-goal-command","message":"status -\u003e completed"}
{"ts":"2026-06-27T23:51:10.830672Z","type":"delivery_complete","agent":"human/bdwheeler","slug":"drive-command-routing","message":"\"`/drive` command + natural-language routing + `/deliver`-on-initiative fallback\""}
{"ts":"2026-06-27T23:51:10.830757Z","type":"spec.status_changed","agent":"human/bdwheeler","slug":"drive-command-routing","message":"status -\u003e completed"}
{"ts":"2026-06-28T00:02:08.080957Z","type":"delivery_complete","agent":"human/bdwheeler","slug":"drive-pause-resume","message":"\"Pause-as-question + resume — a precise question to disk, resumable cold\""}
{"ts":"2026-06-28T00:02:08.081042Z","type":"spec.status_changed","agent":"human/bdwheeler","slug":"drive-pause-resume","message":"status -\u003e completed"}
{"ts":"2026-06-28T00:13:51.853476Z","type":"delivery_complete","agent":"human/bdwheeler","slug":"drive-autonomy-learning","message":"\"Rubber-stamp learning — promote always-approved pauses to auto-proceed\""}
{"ts":"2026-06-28T00:13:51.853631Z","type":"spec.status_changed","agent":"human/bdwheeler","slug":"drive-autonomy-learning","message":"status -\u003e completed"}
{"ts":"2026-06-28T00:13:52.702408Z","type":"delivery_complete","agent":"human/bdwheeler","slug":"drive-autonomous-initiative-execution","message":"\"Drive — Autonomous Initiative Execution with a Human-Boundary Predicate\""}
{"ts":"2026-06-28T00:13:52.702485Z","type":"spec.status_changed","agent":"human/bdwheeler","slug":"drive-autonomous-initiative-execution","message":"status -\u003e completed"}
{"ts":"2026-06-28T05:58:54.585708Z","type":"peer.call.invoked","agent":"hero","slug":"drive-progressive-design","message":"peer call spec-out mode=spec-out target=hero-code call_id=18bd2934e03d2818be5600379d61ac4f"}
{"ts":"2026-06-28T06:08:54.589216Z","type":"peer.call.completed","agent":"hero","slug":"drive-progressive-design","message":"peer call failed: subagent timed out after 10m0s:  (call_id 18bd2934e03d2818be5600379d61ac4f)"}
{"ts":"2026-06-28T06:14:12.20456Z","type":"delivery_complete","agent":"human/bdwheeler","slug":"drive-progressive-design","message":"\"Drive honors progressive design — design-then-deliver per child, no short-circuit\""}
{"ts":"2026-06-28T06:14:12.204634Z","type":"spec.status_changed","agent":"human/bdwheeler","slug":"drive-progressive-design","message":"status -\u003e completed"}
{"ts":"2026-06-28T07:09:55.13497Z","type":"peer.handoff.sent","agent":"hero","slug":"native-drive-for-hero-code","message":"handed off to hero-code/native-drive-for-hero-code (peer_id cd8dd06d-3df1-4878-a88f-24593dcbb4b3)"}
{"ts":"2026-06-28T18:36:15.811435Z","type":"peer.handoff.received","agent":"hero","slug":"mock-tracker-server-2","message":"received from hero-code/mock-tracker-server (peer_id cd8dd06d-3df1-4878-a88f-24593dcbb4b3)"}
{"ts":"2026-06-28T18:36:15.888296Z","type":"peer.handoff.received","agent":"hero","slug":"gitlab-tracker-support-2","message":"received from hero-code/gitlab-tracker-support (peer_id cd8dd06d-3df1-4878-a88f-24593dcbb4b3)"}
{"ts":"2026-06-29T18:05:29.449331Z","type":"delivery_complete","agent":"human/bdwheeler","slug":"delivery-closing-gate-terminal-contract","message":"Delivery Closing Gate Terminal Contract"}
{"ts":"2026-06-29T18:05:29.449441Z","type":"spec.status_changed","agent":"human/bdwheeler","slug":"delivery-closing-gate-terminal-contract","message":"status -\u003e completed"}
{"ts":"2026-07-02T02:37:28.280957Z","type":"delivery_complete","agent":"human/bdwheeler","slug":"tracker-fixtures","message":"\"Tracker Fixtures — GitLab Parity and Offline Mock Server for Round-Trip Validation\""}
{"ts":"2026-07-02T02:37:28.281059Z","type":"spec.status_changed","agent":"human/bdwheeler","slug":"tracker-fixtures","message":"status -\u003e completed"}
{"ts":"2026-07-02T02:38:02.691641Z","type":"peer.call.invoked","agent":"hero","slug":"tracker-fixtures","message":"peer call advisory mode=advisory target=hero-code call_id=18be5891189bad88b4c345e6262a1c8a"}
{"ts":"2026-07-02T02:40:21.779157Z","type":"peer.call.completed","agent":"hero","slug":"tracker-fixtures","message":"peer call ok mode=advisory target=hero-code kind=findings call_id=18be5891189bad88b4c345e6262a1c8a artifact=private-peer-result-excluded"}
{"ts":"2026-07-02T07:24:42.847259Z","type":"delivery_complete","agent":"human/bdwheeler","slug":"team-oauth","message":"\"Team OAuth — GitHub/Google SSO for Team Server Authentication\""}
{"ts":"2026-07-02T07:24:42.847346Z","type":"spec.status_changed","agent":"human/bdwheeler","slug":"team-oauth","message":"status -\u003e completed"}
{"ts":"2026-07-02T07:25:09.660694Z","type":"peer.call.invoked","agent":"hero","slug":"team-oauth","message":"peer call advisory mode=advisory target=hero-cloud call_id=18be683c0ffab088f90d7347ccaa2da9"}
{"ts":"2026-07-02T07:26:39.488995Z","type":"peer.call.completed","agent":"hero","slug":"team-oauth","message":"peer call ok mode=advisory target=hero-cloud kind=findings call_id=18be683c0ffab088f90d7347ccaa2da9 artifact=private-peer-result-excluded"}
{"ts":"2026-07-06T04:21:42.09235Z","type":"delivery_complete","agent":"human/bdwheeler","slug":"hero-content-audit","message":"Hero Content Audit — Agents, Commands, and Skills Quality Pass"}
{"ts":"2026-07-06T04:21:42.092426Z","type":"spec.status_changed","agent":"human/bdwheeler","slug":"hero-content-audit","message":"status -\u003e completed"}
{"ts":"2026-07-06T08:04:51.844563Z","type":"peer.call.invoked","agent":"hero","slug":"multi-domain-context-activation","message":"peer call spec-out mode=spec-out target=hero-code call_id=18bfa4b8fa6fcf18840063a49d13d7e2"}
{"ts":"2026-07-06T08:14:51.875765Z","type":"peer.call.completed","agent":"hero","slug":"multi-domain-context-activation","message":"peer call failed: subagent timed out after 10m0s:  (call_id 18bfa4b8fa6fcf18840063a49d13d7e2)"}
{"ts":"2026-07-06T18:42:27.997316Z","type":"delivery_complete","agent":"human/bdwheeler","slug":"content-dedup-resync","message":"Content Dedup \u0026 Resync — Single-Master core/engineering Content with CI Parity Gate"}
{"ts":"2026-07-06T18:42:27.997401Z","type":"spec.status_changed","agent":"human/bdwheeler","slug":"content-dedup-resync","message":"status -\u003e completed"}
{"ts":"2026-07-06T20:58:32.201282Z","type":"delivery_complete","agent":"human/bdwheeler","slug":"pm-pack-phantom-surfaces","message":"\"PM Pack Phantom Surfaces — fix every reference to a surface that doesn't exist\""}
{"ts":"2026-07-06T20:58:32.201367Z","type":"spec.status_changed","agent":"human/bdwheeler","slug":"pm-pack-phantom-surfaces","message":"status -\u003e completed"}
{"ts":"2026-07-07T02:28:01.650731Z","type":"delivery_complete","agent":"human/bdwheeler","slug":"sales-pack-reality-sync","message":"\"Sales Pack Reality Sync — make every sales-pack claim match the engine\""}
{"ts":"2026-07-07T02:28:01.650816Z","type":"spec.status_changed","agent":"human/bdwheeler","slug":"sales-pack-reality-sync","message":"status -\u003e completed"}
{"ts":"2026-07-08T18:09:58.922715Z","type":"delivery_complete","agent":"human/bdwheeler","slug":"core-commands-domain-neutral","message":"\"Core commands are engineering-only — dangling agents, skills, routes, and storage paths on pm/sales installs\""}
{"ts":"2026-07-08T18:09:58.922799Z","type":"spec.status_changed","agent":"human/bdwheeler","slug":"core-commands-domain-neutral","message":"status -\u003e completed"}
{"ts":"2026-07-08T18:10:22.889204Z","type":"delivery_complete","agent":"human/bdwheeler","slug":"delivery-gate-consistency","message":"Delivery Gate Consistency — One Owner for the Ledger Contract and the Verify-Gated Close"}
{"ts":"2026-07-08T18:10:22.889289Z","type":"spec.status_changed","agent":"human/bdwheeler","slug":"delivery-gate-consistency","message":"status -\u003e completed"}
{"ts":"2026-07-08T23:04:08.483835Z","type":"delivery_complete","agent":"human/bdwheeler","slug":"chat-pack-disposition","message":"\"Chat Pack Disposition — Formalize domains/chat as a Client-Embedded Pack\""}
{"ts":"2026-07-08T23:04:08.483943Z","type":"spec.status_changed","agent":"human/bdwheeler","slug":"chat-pack-disposition","message":"status -\u003e completed"}
{"ts":"2026-07-08T23:38:48.656002Z","type":"delivery_complete","agent":"human/bdwheeler","slug":"harness-agnosticism-sweep","message":"\"Harness Agnosticism Sweep — De-Claude and De-Dogfood the Shipped Content\""}
{"ts":"2026-07-08T23:38:48.656121Z","type":"spec.status_changed","agent":"human/bdwheeler","slug":"harness-agnosticism-sweep","message":"status -\u003e completed"}
{"ts":"2026-07-09T00:05:27.498544Z","type":"delivery_complete","agent":"human/bdwheeler","slug":"routing-file-completeness","message":"\"Routing File Completeness — full rosters, one skeleton, installable links for the domain AGENTS.md files\""}
{"ts":"2026-07-09T00:05:27.498637Z","type":"spec.status_changed","agent":"human/bdwheeler","slug":"routing-file-completeness","message":"status -\u003e completed"}
{"ts":"2026-07-09T01:48:57.252355Z","type":"delivery_complete","agent":"human/bdwheeler","slug":"token-efficiency-pass","message":"\"Token Efficiency Pass — apply the content audit's named verbosity cuts\""}
{"ts":"2026-07-09T01:48:57.252461Z","type":"spec.status_changed","agent":"human/bdwheeler","slug":"token-efficiency-pass","message":"status -\u003e completed"}
{"ts":"2026-07-09T18:28:19.037293Z","type":"delivery_complete","agent":"human/chet-bellows","slug":"priority-conflict-aware-drive-selection","message":"\"Priority- and conflict-aware next-spec selection in the /drive judge\""}
{"ts":"2026-07-09T18:28:19.037367Z","type":"spec.status_changed","agent":"human/chet-bellows","slug":"priority-conflict-aware-drive-selection","message":"status -\u003e completed"}
{"ts":"2026-07-09T21:56:48.388585Z","type":"delivery_complete","agent":"human/chet-bellows","slug":"compose-emits-conflicts-and-priority","message":"\"Compose emits priority + reciprocal conflicts-with on child stubs\""}
{"ts":"2026-07-09T21:56:48.388676Z","type":"spec.status_changed","agent":"human/chet-bellows","slug":"compose-emits-conflicts-and-priority","message":"status -\u003e completed"}
{"ts":"2026-07-10T00:46:26.053925Z","type":"delivery_complete","agent":"human/chet-bellows","slug":"drive-judge-findconflicts-backstop","message":"\"Drive judge FindConflicts backstop — detect undeclared file overlaps against in-flight specs\""}
{"ts":"2026-07-10T00:46:26.054007Z","type":"spec.status_changed","agent":"human/chet-bellows","slug":"drive-judge-findconflicts-backstop","message":"status -\u003e completed"}
{"ts":"2026-07-10T01:26:07.180026Z","type":"delivery_complete","agent":"human/chet-bellows","slug":"content-remediation","message":"Content Remediation — Audit Follow-Through Across Packs, Gates, and Harnesses"}
{"ts":"2026-07-10T01:26:07.18012Z","type":"spec.status_changed","agent":"human/chet-bellows","slug":"content-remediation","message":"status -\u003e completed"}
{"ts":"2026-07-10T01:26:08.258687Z","type":"delivery_complete","agent":"human/chet-bellows","slug":"hero-surface-polish","message":"Hero Surface Polish — Ongoing Quality Pass on the Web Companion"}
{"ts":"2026-07-10T01:26:08.258762Z","type":"spec.status_changed","agent":"human/chet-bellows","slug":"hero-surface-polish","message":"status -\u003e completed"}
{"ts":"2026-07-10T01:32:38.360874Z","type":"delivery_complete","agent":"human/chet-bellows","slug":"initiative-autocomplete-misses-completed-children","message":"\"Initiative auto-complete misses already-completed children — no standalone parent re-check strands every finished initiative\""}
{"ts":"2026-07-10T01:32:38.360967Z","type":"spec.status_changed","agent":"human/chet-bellows","slug":"initiative-autocomplete-misses-completed-children","message":"status -\u003e completed"}
{"ts":"2026-07-10T03:36:58.969803Z","type":"delivery_complete","agent":"human/chet-bellows","slug":"eventslog-churn-fix-tracked-not-dirty","message":"\"events.log churn fix — keep it tracked, stop it dirtying the tree, let interesting events travel into commits\""}
{"ts":"2026-07-10T03:36:58.969905Z","type":"spec.status_changed","agent":"human/chet-bellows","slug":"eventslog-churn-fix-tracked-not-dirty","message":"status -\u003e completed"}
{"ts":"2026-07-10T05:54:25.63572Z","type":"delivery_complete","agent":"human/chet-bellows","slug":"flat-named-spec-discovery","message":"\"Flat-named spec files are invisible to discovery — verify can't resolve initiative children\""}
{"ts":"2026-07-10T05:54:25.635823Z","type":"spec.status_changed","agent":"human/chet-bellows","slug":"flat-named-spec-discovery","message":"status -\u003e completed"}
{"ts":"2026-07-10T06:05:07.056942Z","type":"delivery_complete","agent":"human/chet-bellows","slug":"flat-tripwire-trigger-parity","message":"\"Flat tripwires never trigger-highlight — wire knowledge triggers into FindTripwiresByTrigger\""}
{"ts":"2026-07-10T06:05:07.057062Z","type":"spec.status_changed","agent":"human/chet-bellows","slug":"flat-tripwire-trigger-parity","message":"status -\u003e completed"}
{"ts":"2026-07-10T06:05:08.332444Z","type":"delivery_complete","agent":"human/chet-bellows","slug":"knowledge-surfacing","message":"\"Knowledge Surfacing — Everything Captured Is Retrievable and Fed at the Right Time\""}
{"ts":"2026-07-10T06:05:08.332546Z","type":"spec.status_changed","agent":"human/chet-bellows","slug":"knowledge-surfacing","message":"status -\u003e completed"}
{"ts":"2026-07-10T06:21:03.685756Z","type":"delivery_complete","agent":"human/chet-bellows","slug":"install-json-mode-repair-migrate-parity","message":"\"`hero install --repair`/`--migrate` ignore `--json` — stdout contract broken for programmatic consumers\""}
{"ts":"2026-07-10T06:21:03.68587Z","type":"spec.status_changed","agent":"human/chet-bellows","slug":"install-json-mode-repair-migrate-parity","message":"status -\u003e completed"}
{"ts":"2026-07-11T19:32:59.657239Z","type":"delivery_complete","agent":"human/chet-bellows","slug":"created-field-stamp-and-surface","message":"\"Surface `created` in list JSON, and make the created date reliable (stamp + backfill)\""}
{"ts":"2026-07-11T19:32:59.657326Z","type":"spec.status_changed","agent":"human/chet-bellows","slug":"created-field-stamp-and-surface","message":"status -\u003e completed"}
{"ts":"2026-07-12T01:04:51.227105Z","type":"delivery_complete","agent":"human/chet-bellows","slug":"next-drift-gate-unwinnable","message":"\"CI NEXT.md drift gate is structurally unwinnable — Test job red on every commit\""}
{"ts":"2026-07-12T01:04:51.227222Z","type":"spec.status_changed","agent":"human/chet-bellows","slug":"next-drift-gate-unwinnable","message":"status -\u003e completed"}
{"ts":"2026-07-12T05:21:31.74073Z","type":"delivery_complete","agent":"human/chet-bellows","slug":"opsrunner-keepalive-data-race","message":"\"Flaky data race in opsrunner — global nowFn swapped by tests races leaked pump() goroutine\""}
{"ts":"2026-07-12T05:21:31.740809Z","type":"spec.status_changed","agent":"human/chet-bellows","slug":"opsrunner-keepalive-data-race","message":"status -\u003e completed"}
{"ts":"2026-07-12T15:23:04.793419Z","type":"delivery_complete","agent":"human/chet-bellows","slug":"scan-clobbers-authored-created-slug-frontmatter","message":"\"`hero scan` clobbers authored `created:` and drops `slug:` on regenerated knowledge entries\""}
{"ts":"2026-07-12T15:23:04.793544Z","type":"spec.status_changed","agent":"human/chet-bellows","slug":"scan-clobbers-authored-created-slug-frontmatter","message":"status -\u003e completed"}
{"ts":"2026-07-12T16:37:14.78413Z","type":"delivery_complete","agent":"human/chet-bellows","slug":"incremental-scan-prunes-unchanged-packages","message":"\"Incremental code-scan prunes unchanged package dirs — data loss in .hero/knowledge/code/\""}
{"ts":"2026-07-12T16:37:14.784465Z","type":"spec.status_changed","agent":"human/chet-bellows","slug":"incremental-scan-prunes-unchanged-packages","message":"status -\u003e completed"}
{"ts":"2026-07-12T17:05:09.23677Z","type":"delivery_complete","agent":"human/chet-bellows","slug":"incremental-scan-complete-result","message":"\"Incremental code-scan produces a complete Result — scan cache carries unchanged files forward\""}
{"ts":"2026-07-12T17:05:09.236851Z","type":"spec.status_changed","agent":"human/chet-bellows","slug":"incremental-scan-complete-result","message":"status -\u003e completed"}
{"ts":"2026-07-12T18:08:29.051072Z","type":"delivery_complete","agent":"human/chet-bellows","slug":"init-gitignore-missing-machine-local-artifacts","message":"\"hero init's managed .gitignore omits cache/, sessions/, and install-state.json — machine-local artifacts leak into fresh projects\""}
{"ts":"2026-07-12T18:08:29.051158Z","type":"spec.status_changed","agent":"human/chet-bellows","slug":"init-gitignore-missing-machine-local-artifacts","message":"status -\u003e completed"}
{"ts":"2026-07-12T18:57:35.03679Z","type":"peer.call.invoked","agent":"hero","slug":"harness-native-install-target-aware-upgrade","message":"peer call advisory mode=advisory target=hero-code call_id=18c19fd2c6730f883acd8c510c4f1728"}
{"ts":"2026-07-12T18:57:38.269603Z","type":"peer.call.completed","agent":"hero","slug":"harness-native-install-target-aware-upgrade","message":"peer call failed: subagent exited with error: exit status 1 (output: Failed to authenticate. API Error: 401 Invalid authentication credentials) (call_id 18c19fd2c6730f883acd8c510c4f1728)"}
{"ts":"2026-07-12T18:57:55.35926Z","type":"peer.call.invoked","agent":"hero","slug":"harness-native-install-target-aware-upgrade","message":"peer call advisory mode=advisory target=hero-code call_id=18c19fd781c34858775c1221df9b653c"}
{"ts":"2026-07-12T19:59:18.379039Z","type":"delivery_complete","agent":"human/chet-bellows","slug":"harness-native-install-target-aware-upgrade","message":"\"Harness-Native Install — Target-Aware Instruction Files and Upgrade\""}
{"ts":"2026-07-12T19:59:18.379135Z","type":"spec.status_changed","agent":"human/chet-bellows","slug":"harness-native-install-target-aware-upgrade","message":"status -\u003e completed"}
{"ts":"2026-07-12T22:47:43.401398Z","type":"delivery_complete","agent":"human/chet-bellows","slug":"next-context-carry-forward-drift","message":"\"NEXT.md projection drift gate still unwinnable — ## Context to carry forward (and ## Next) rank on volatile graph ingested_at\""}
{"ts":"2026-07-12T22:47:43.401504Z","type":"spec.status_changed","agent":"human/chet-bellows","slug":"next-context-carry-forward-drift","message":"status -\u003e completed"}
{"ts":"2026-07-13T00:22:46.740412Z","type":"delivery_complete","agent":"human/chet-bellows","slug":"release-notes-page","message":"\"Release Notes Page — Left-Nav Release History for docs.heroengine.ai\""}
{"ts":"2026-07-13T00:22:46.740483Z","type":"spec.status_changed","agent":"human/chet-bellows","slug":"release-notes-page","message":"status -\u003e completed"}
{"ts":"2026-07-13T16:20:51.826788Z","type":"delivery_complete","agent":"human/chet-bellows","slug":"agent-hero-version-schema-confusion","message":"\"Agents confabulate a schema/version narrative when a stray hero binary meets a schema-4 graph\""}
{"ts":"2026-07-13T16:20:51.826867Z","type":"spec.status_changed","agent":"human/chet-bellows","slug":"agent-hero-version-schema-confusion","message":"status -\u003e completed"}
{"ts":"2026-07-13T18:55:30.737294Z","type":"delivery_complete","agent":"human/chet-bellows","slug":"doctor-routing-guidance-all-packs","message":"\"Extract hero doctor / MCP-surface routing guidance into a shared domain-agnostic section\""}
{"ts":"2026-07-13T18:55:30.737409Z","type":"spec.status_changed","agent":"human/chet-bellows","slug":"doctor-routing-guidance-all-packs","message":"status -\u003e completed"}
{"ts":"2026-07-13T19:13:31.486293Z","type":"delivery_complete","agent":"human/chet-bellows","slug":"hero-docs-check-engine-repo-misfire","message":"\"hero docs check reports actual:0 in the engine repo, and GETTING-STARTED.md counts are stale\""}
{"ts":"2026-07-13T19:13:31.486369Z","type":"spec.status_changed","agent":"human/chet-bellows","slug":"hero-docs-check-engine-repo-misfire","message":"status -\u003e completed"}
{"ts":"2026-07-13T20:23:22.056442Z","type":"delivery_complete","agent":"human/chet-bellows","slug":"mcp-transport-closes-midsession-supersede","message":"\"Hero MCP transport closes mid-session in Codex — singleton supersede / process-lifecycle guards kill the live daemon\""}
{"ts":"2026-07-13T20:23:22.056567Z","type":"spec.status_changed","agent":"human/chet-bellows","slug":"mcp-transport-closes-midsession-supersede","message":"status -\u003e completed"}
{"ts":"2026-07-15T14:56:51.055244Z","type":"peer.call.invoked","agent":"hero","slug":"jira-connection-onboarding-misleads-agents","message":"peer call advisory mode=advisory target=hero-code call_id=18c27e6d79fc6990c6478b844070846d"}
{"ts":"2026-07-15T14:56:51.716625Z","type":"peer.call.completed","agent":"hero","slug":"jira-connection-onboarding-misleads-agents","message":"peer call failed: subagent CLI \"claude\" is not logged in — authenticate it and retry (run `claude` then `/login`, or set ANTHROPIC_API_KEY); CLI output: Not logged in · Please run /login (call_id 18c27e6d79fc6990c6478b844070846d)"}
{"ts":"2026-07-15T16:35:56.453099Z","type":"delivery_complete","agent":"human/chet-bellows","slug":"layered-integration-configuration","message":"\"Layered Integration Configuration — Shared Projects, Local Credentials, Multiple Providers\""}
{"ts":"2026-07-15T16:35:56.4532Z","type":"spec.status_changed","agent":"human/chet-bellows","slug":"layered-integration-configuration","message":"status -\u003e completed"}
{"ts":"2026-07-16T07:04:11.110026Z","type":"delivery_complete","agent":"human/chet-bellows","slug":"install-integrity-self-check","message":"\"Install integrity is self-verifiable — hero check detects a damaged, stale, or incomplete install\""}
{"ts":"2026-07-16T07:04:11.110134Z","type":"spec.status_changed","agent":"human/chet-bellows","slug":"install-integrity-self-check","message":"status -\u003e completed"}
{"ts":"2026-07-16T07:08:10.571735Z","type":"delivery_complete","agent":"human/chet-bellows","slug":"agents-md-erased-by-snapshot-pointer-writer","message":"\"AGENTS.md silently erased by the snapshot pointer writer — five of six harnesses started cold for two months\""}
{"ts":"2026-07-16T07:08:10.57184Z","type":"spec.status_changed","agent":"human/chet-bellows","slug":"agents-md-erased-by-snapshot-pointer-writer","message":"status -\u003e completed"}
{"ts":"2026-07-16T07:36:30.390826Z","type":"delivery_complete","agent":"human/chet-bellows","slug":"codex-mcp-binary-path-resolution","message":"\"Hero MCP binary path resolved from the installer's ambient PATH, not the running binary — wrong-hero and non-portable configs\""}
{"ts":"2026-07-16T07:36:30.390903Z","type":"spec.status_changed","agent":"human/chet-bellows","slug":"codex-mcp-binary-path-resolution","message":"status -\u003e completed"}
{"ts":"2026-07-16T20:46:18.877173Z","type":"delivery_complete","agent":"human/chet-bellows","slug":"parent-watchdog-race-ci-red","message":"\"Test CI red for days — data race between the parent-watchdog goroutine and a test's deferred seam-var restore\""}
{"ts":"2026-07-16T20:46:18.877527Z","type":"spec.status_changed","agent":"human/chet-bellows","slug":"parent-watchdog-race-ci-red","message":"status -\u003e completed"}
{"ts":"2026-07-16T21:20:35.183301Z","type":"delivery_complete","agent":"human/chet-bellows","slug":"next-drift-gate-branch-line-drift","message":"\"CI NEXT.md drift gate red again — projection stamps a live `branch:` line the gate doesn't ignore\""}
{"ts":"2026-07-16T21:20:35.18341Z","type":"spec.status_changed","agent":"human/chet-bellows","slug":"next-drift-gate-branch-line-drift","message":"status -\u003e completed"}
{"ts":"2026-07-16T23:36:45.48972Z","type":"delivery_complete","agent":"human/chet-bellows","slug":"manifest-driven-prune","message":"\"Manifest-driven prune of product-removed content — remove agents/commands/skills Hero dropped, never user files\""}
{"ts":"2026-07-16T23:36:45.493627Z","type":"spec.status_changed","agent":"human/chet-bellows","slug":"manifest-driven-prune","message":"status -\u003e completed"}
{"ts":"2026-07-17T00:39:02.170578Z","type":"delivery_complete","agent":"human/chet-bellows","slug":"codex-agents-wholesale-wipe-destroys-user-files","message":"\"Codex install wholesale-wipes .codex/agents every run — destroys user-authored agent files\""}
{"ts":"2026-07-17T00:39:02.170784Z","type":"spec.status_changed","agent":"human/chet-bellows","slug":"codex-agents-wholesale-wipe-destroys-user-files","message":"status -\u003e completed"}
{"ts":"2026-07-17T05:32:24.169666Z","type":"delivery_complete","agent":"human/chet-bellows","slug":"tracker-migration-connect-link-fixes","message":"\"Tracker-migration rough edges: connect persists unreadable config, and sync link can't re-point or take a spec dir\""}
{"ts":"2026-07-17T05:32:24.169772Z","type":"spec.status_changed","agent":"human/chet-bellows","slug":"tracker-migration-connect-link-fixes","message":"status -\u003e completed"}
{"ts":"2026-07-17T16:13:16.957064Z","type":"delivery_complete","agent":"human/chet-bellows","slug":"doctor-install-target-table","message":"\"hero doctor: installed harness target table with agent/command/skill counts\""}
{"ts":"2026-07-17T16:13:16.957152Z","type":"spec.status_changed","agent":"human/chet-bellows","slug":"doctor-install-target-table","message":"status -\u003e completed"}
{"ts":"2026-07-17T19:18:04.436427Z","type":"drive.pause_outcome","agent":"human","slug":"pm-pack-completion","message":"drive pause Supervised resolved: approved"}
{"ts":"2026-07-17T20:02:54.320612Z","type":"delivery_complete","agent":"human/chet-bellows","slug":"pm-doctrine-and-skill-backfill","message":"\"PM Doctrine Spine + Referenced-Skill Backfill + Canonical AGENTS.md\""}
{"ts":"2026-07-17T20:02:54.320693Z","type":"spec.status_changed","agent":"human/chet-bellows","slug":"pm-doctrine-and-skill-backfill","message":"status -\u003e completed"}
{"ts":"2026-07-17T20:39:00.953964Z","type":"drive.pause_outcome","agent":"human","slug":"pm-pack-completion","message":"drive pause Supervised resolved: approved"}
{"ts":"2026-07-17T20:56:56.846952Z","type":"delivery_complete","agent":"human/chet-bellows","slug":"adversarial-critics-bundle","message":"\"Adversarial Critics Bundle — Drift, Prioritization, Doc, and Readout Critics\""}
{"ts":"2026-07-17T20:56:56.847035Z","type":"spec.status_changed","agent":"human/chet-bellows","slug":"adversarial-critics-bundle","message":"status -\u003e completed"}
{"ts":"2026-07-17T20:57:27.573462Z","type":"drive.pause_outcome","agent":"human","slug":"pm-pack-completion","message":"drive pause Supervised resolved: approved"}
{"ts":"2026-07-17T21:10:31.576548Z","type":"delivery_complete","agent":"human/chet-bellows","slug":"experiment-stage-and-metric-rca","message":"\"Experiment Stage + Metric RCA — Experiment Designer, Metrics Analyst\""}
{"ts":"2026-07-17T21:10:31.576649Z","type":"spec.status_changed","agent":"human/chet-bellows","slug":"experiment-stage-and-metric-rca","message":"status -\u003e completed"}
{"ts":"2026-07-17T21:10:53.847574Z","type":"drive.pause_outcome","agent":"human","slug":"pm-pack-completion","message":"drive pause Supervised resolved: approved"}
{"ts":"2026-07-17T21:25:02.022242Z","type":"delivery_complete","agent":"human/chet-bellows","slug":"prd-editor-comms-backing","message":"\"PRD Editor + Comms Backing — Pitch Author, Stakeholder Communicator\""}
{"ts":"2026-07-17T21:25:02.022326Z","type":"spec.status_changed","agent":"human/chet-bellows","slug":"prd-editor-comms-backing","message":"status -\u003e completed"}
{"ts":"2026-07-17T21:25:11.788472Z","type":"drive.pause_outcome","agent":"human","slug":"pm-pack-completion","message":"drive pause Supervised resolved: approved"}
{"ts":"2026-07-17T21:37:03.923694Z","type":"delivery_complete","agent":"human/chet-bellows","slug":"story-detail-and-intake-scrubber-backing","message":"\"Story Detail + Intake Scrubber Backing — Dependency Mapper, Duplicate Intake Scrubber\""}
{"ts":"2026-07-17T21:37:03.923778Z","type":"spec.status_changed","agent":"human/chet-bellows","slug":"story-detail-and-intake-scrubber-backing","message":"status -\u003e completed"}
{"ts":"2026-07-17T21:37:14.492217Z","type":"drive.pause_outcome","agent":"human","slug":"pm-pack-completion","message":"drive pause Supervised resolved: approved"}
{"ts":"2026-07-17T21:50:43.202086Z","type":"delivery_complete","agent":"human/chet-bellows","slug":"competitive-and-market-grounding","message":"\"Competitive + Market Grounding — Retrieval-Only Competitive Analyst\""}
{"ts":"2026-07-17T21:50:43.203182Z","type":"spec.status_changed","agent":"human/chet-bellows","slug":"competitive-and-market-grounding","message":"status -\u003e completed"}
{"ts":"2026-07-17T21:50:52.098653Z","type":"drive.pause_outcome","agent":"human","slug":"pm-pack-completion","message":"drive pause Supervised resolved: approved"}
{"ts":"2026-07-17T22:05:47.377402Z","type":"delivery_complete","agent":"human/chet-bellows","slug":"exec-narrative-and-evidence-synthesis","message":"\"Exec Narrative + Evidence Synthesis — PR-FAQ, Working-Backwards, Interview Synthesis\""}
{"ts":"2026-07-17T22:05:47.377536Z","type":"spec.status_changed","agent":"human/chet-bellows","slug":"exec-narrative-and-evidence-synthesis","message":"status -\u003e completed"}
{"ts":"2026-07-17T22:06:19.579521Z","type":"drive.pause_outcome","agent":"human","slug":"pm-pack-completion","message":"drive pause Supervised resolved: approved"}
{"ts":"2026-07-17T22:25:26.093655Z","type":"delivery_complete","agent":"human/chet-bellows","slug":"discovery-framing-coverage-skills","message":"\"Discovery + Framing Coverage Skills\""}
{"ts":"2026-07-17T22:25:26.093754Z","type":"spec.status_changed","agent":"human/chet-bellows","slug":"discovery-framing-coverage-skills","message":"status -\u003e completed"}
{"ts":"2026-07-17T22:25:37.165578Z","type":"drive.pause_outcome","agent":"human","slug":"pm-pack-completion","message":"drive pause Supervised resolved: approved"}
{"ts":"2026-07-17T23:43:34.561721Z","type":"delivery_complete","agent":"human/chet-bellows","slug":"remaining-roles-scrubbers-and-launch","message":"\"Remaining Roles, Scrubbers, and Launch/GTM\""}
{"ts":"2026-07-17T23:43:34.561826Z","type":"spec.status_changed","agent":"human/chet-bellows","slug":"remaining-roles-scrubbers-and-launch","message":"status -\u003e completed"}
{"ts":"2026-07-17T23:44:29.792531Z","type":"drive.pause_outcome","agent":"human","slug":"pm-pack-completion","message":"drive pause Supervised resolved: approved"}
{"ts":"2026-07-18T00:03:50.421395Z","type":"delivery_complete","agent":"human/chet-bellows","slug":"story-queue-planning-backing","message":"\"Story Queue Backing — Capacity + Cycle Planning Agents, Skills, Commands\""}
{"ts":"2026-07-18T00:03:50.421504Z","type":"spec.status_changed","agent":"human/chet-bellows","slug":"story-queue-planning-backing","message":"status -\u003e completed"}
{"ts":"2026-07-18T00:03:51.907104Z","type":"delivery_complete","agent":"human/chet-bellows","slug":"pm-pack-completion","message":"\"PM Pack Completion — Author the Deferred Roster and Reframe Around Critics + Corpus-Grounding\""}
{"ts":"2026-07-18T00:03:51.907189Z","type":"spec.status_changed","agent":"human/chet-bellows","slug":"pm-pack-completion","message":"status -\u003e completed"}
{"ts":"2026-07-18T03:18:36.457304Z","type":"delivery_complete","agent":"human/chet-bellows","slug":"pm-foundation-delivery","message":"PM Foundation Delivery — Ship PM Pack Additively + Unblock hero-code"}
{"ts":"2026-07-18T03:18:36.457461Z","type":"spec.status_changed","agent":"human/chet-bellows","slug":"pm-foundation-delivery","message":"status -\u003e completed"}
{"ts":"2026-07-18T06:11:58.217193Z","type":"delivery_complete","agent":"human/chet-bellows","slug":"chat-canonical-research","message":"\"Chat Canonical Research Pack — Extend domains/chat into the Canonical Generic Hero Chat Domain\""}
{"ts":"2026-07-18T06:11:58.217298Z","type":"spec.status_changed","agent":"human/chet-bellows","slug":"chat-canonical-research","message":"status -\u003e completed"}
{"ts":"2026-07-18T14:42:23.063421Z","type":"peer.call.invoked","agent":"hero","slug":"chat-canonical-research","message":"peer call advisory mode=advisory target=hero-code call_id=18c36961159146f873620cdd561c59ac"}
{"ts":"2026-07-18T14:45:00.072184Z","type":"peer.call.completed","agent":"hero","slug":"chat-canonical-research","message":"peer call ok mode=advisory target=hero-code kind=findings call_id=18c36961159146f873620cdd561c59ac artifact=private-peer-result-excluded"}
{"ts":"2026-07-18T14:55:14.744554Z","type":"peer.call.invoked","agent":"hero","slug":"chat-canonical-research","message":"peer call advisory mode=advisory target=hero-code call_id=18c36a14c158d53849481fad606186c8"}
{"ts":"2026-07-18T14:59:11.092159Z","type":"peer.call.completed","agent":"hero","slug":"chat-canonical-research","message":"peer call ok mode=advisory target=hero-code kind=findings call_id=18c36a14c158d53849481fad606186c8 artifact=private-peer-result-excluded"}
{"ts":"2026-07-18T15:57:19.027127Z","type":"peer.call.invoked","agent":"hero","slug":"chat-canonical-research","message":"peer call advisory mode=advisory target=hero-code call_id=18c36d77e1e311b892bc0838c2f3ce9f"}
{"ts":"2026-07-18T16:01:10.617538Z","type":"peer.call.completed","agent":"hero","slug":"chat-canonical-research","message":"peer call ok mode=advisory target=hero-code kind=findings call_id=18c36d77e1e311b892bc0838c2f3ce9f artifact=private-peer-result-excluded"}
{"ts":"2026-07-18T16:55:20.269448Z","type":"peer.call.invoked","agent":"hero","slug":"chat-canonical-research","message":"peer call advisory mode=advisory target=hero-code call_id=18c370a26c194e3877a8c897c8aa09e6"}
{"ts":"2026-07-18T16:59:07.087195Z","type":"peer.call.completed","agent":"hero","slug":"chat-canonical-research","message":"peer call ok mode=advisory target=hero-code kind=findings call_id=18c370a26c194e3877a8c897c8aa09e6 artifact=private-peer-result-excluded"}
{"ts":"2026-07-18T17:53:44.596228Z","type":"delivery_complete","agent":"human/chet-bellows","slug":"chat-slim-to-basic-research-seed","message":"\"Slim domains/chat to Basic Chat and Preserve the Research Apparatus as a Dormant Hero Research Seed\""}
{"ts":"2026-07-18T17:53:44.596313Z","type":"spec.status_changed","agent":"human/chet-bellows","slug":"chat-slim-to-basic-research-seed","message":"status -\u003e completed"}
{"ts":"2026-07-19T19:48:39.949721Z","type":"peer.call.invoked","agent":"hero","message":"peer call advisory mode=advisory target=hero-code call_id=18c3c8ac5aa7ec884080b2ccb4ea1ca5"}
{"ts":"2026-07-19T19:48:40.336766Z","type":"peer.call.completed","agent":"hero","message":"peer call failed: subagent CLI \"claude\" is not logged in — authenticate it and retry (run `claude` then `/login`, or set ANTHROPIC_API_KEY); CLI output: Not logged in · Please run /login (call_id 18c3c8ac5aa7ec884080b2ccb4ea1ca5)"}
{"ts":"2026-07-20T16:22:26.319944Z","type":"peer.handoff.received","agent":"hero","slug":"tracker-semantic-priority-field-mapping","message":"received from hero-code/tracker-semantic-priority-field-mapping (peer_id cd8dd06d-3df1-4878-a88f-24593dcbb4b3)"}
{"ts":"2026-07-20T17:57:48.52634Z","type":"peer.call.invoked","agent":"hero","message":"peer call advisory mode=advisory target=hero-code call_id=18c41134443c9a68bc84cd1db0f429eb"}
{"ts":"2026-07-20T17:57:48.972275Z","type":"peer.call.completed","agent":"hero","message":"peer call failed: subagent CLI \"claude\" is not logged in — authenticate it and retry (run `claude` then `/login`, or set ANTHROPIC_API_KEY); CLI output: Not logged in · Please run /login (call_id 18c41134443c9a68bc84cd1db0f429eb)"}
{"ts":"2026-07-20T18:10:25.067752Z","type":"delivery_complete","agent":"human/chet-bellows","slug":"tracker-issue-activity-timestamps","message":"\"Tracker Issue Activity Timestamps and Jira Broad-Import Field Parity\""}
{"ts":"2026-07-20T18:10:25.067858Z","type":"spec.status_changed","agent":"human/chet-bellows","slug":"tracker-issue-activity-timestamps","message":"status -\u003e completed"}
{"event":"claimed","slug":"progressive-design-ac-recap","agent":"codex","at":"2026-07-20T14:16:14.140903-06:00"}
{"ts":"2026-07-20T20:22:35.820799Z","type":"delivery_complete","agent":"human/chet-bellows","slug":"progressive-design-ac-recap","message":"\"Progressive Design AC Recap — Coverage and Delta Before Full Tables\""}
{"ts":"2026-07-20T20:22:35.820885Z","type":"spec.status_changed","agent":"human/chet-bellows","slug":"progressive-design-ac-recap","message":"status -\u003e completed"}
{"ts":"2026-07-20T21:23:10.23932Z","type":"peer.call.invoked","agent":"hero","message":"peer call advisory mode=advisory target=hero-code call_id=18c41c69238fcae8b1bd3e3d7e290ff9"}
{"ts":"2026-07-20T21:23:11.011674Z","type":"peer.call.completed","agent":"hero","message":"peer call failed: subagent CLI \"claude\" is not logged in — authenticate it and retry (run `claude` then `/login`, or set ANTHROPIC_API_KEY); CLI output: Not logged in · Please run /login (call_id 18c41c69238fcae8b1bd3e3d7e290ff9)"}
{"ts":"2026-07-20T22:31:17.134083Z","type":"delivery_complete","agent":"human/chet-bellows","slug":"tracker-diagnosis-full-ticket-evidence","message":"\"Tracker diagnosis cannot load complete ticket evidence\""}
{"ts":"2026-07-20T22:31:17.134157Z","type":"spec.status_changed","agent":"human/chet-bellows","slug":"tracker-diagnosis-full-ticket-evidence","message":"status -\u003e completed"}
{"ts":"2026-07-20T22:39:47.426Z","type":"delivery_complete","agent":"human/chet-bellows","slug":"jira-import-per-type-filter-and-body-parity","message":"\"Tracker bulk import truncates work, drops bodies, and risks request fan-out\""}
{"ts":"2026-07-20T22:39:47.426084Z","type":"spec.status_changed","agent":"human/chet-bellows","slug":"jira-import-per-type-filter-and-body-parity","message":"status -\u003e completed"}
{"ts":"2026-07-20T23:53:00.919064Z","type":"delivery_complete","agent":"human/chet-bellows","slug":"serve-auto-refresh-bypasses-bulk-import","message":"\"hero serve auto-refresh bypasses the bulk importer\""}
{"ts":"2026-07-20T23:53:00.919178Z","type":"spec.status_changed","agent":"human/chet-bellows","slug":"serve-auto-refresh-bypasses-bulk-import","message":"status -\u003e completed"}
{"ts":"2026-07-21T15:07:50.797844Z","type":"peer.handoff.received","agent":"hero","slug":"jira-adf-description-fidelity-loss","message":"received from hero-code/jira-adf-description-fidelity-loss (peer_id cd8dd06d-3df1-4878-a88f-24593dcbb4b3)"}
{"ts":"2026-07-21T23:09:05.438714Z","type":"delivery_complete","agent":"human/chet-bellows","slug":"brokered-tracker-agent-access","message":"\"Brokered tracker agent access\""}
{"ts":"2026-07-21T23:09:05.438813Z","type":"spec.status_changed","agent":"human/chet-bellows","slug":"brokered-tracker-agent-access","message":"status -\u003e completed"}
{"ts":"2026-07-22T00:34:58.617967Z","type":"drive.pause_outcome","agent":"human","slug":"tracker-source-fidelity-and-evidence","message":"drive pause Supervised resolved: approved"}
{"ts":"2026-07-22T00:57:22.750427Z","type":"delivery_complete","agent":"human/chet-bellows","slug":"jira-adf-description-fidelity-loss","message":"\"Jira ADF descriptions lose structure during import\""}
{"ts":"2026-07-22T00:57:22.750556Z","type":"spec.status_changed","agent":"human/chet-bellows","slug":"jira-adf-description-fidelity-loss","message":"status -\u003e completed"}
{"ts":"2026-07-22T00:59:33.600082Z","type":"drive.pause_outcome","agent":"human","slug":"tracker-source-fidelity-and-evidence","message":"drive pause Supervised resolved: approved"}
{"ts":"2026-07-22T01:00:38.480725Z","type":"delivery_complete","agent":"human/chet-bellows","slug":"broker-issue-id-validator-raw-string-regression","message":"\"Tracker broker issue IDs are rejected by a raw-string validator typo\""}
{"ts":"2026-07-22T01:00:38.480811Z","type":"spec.status_changed","agent":"human/chet-bellows","slug":"broker-issue-id-validator-raw-string-regression","message":"status -\u003e completed"}
{"ts":"2026-07-22T01:41:25.836419Z","type":"delivery_complete","agent":"human/chet-bellows","slug":"lazy-tracker-evidence-sidecar","message":"\"Lazy Tracker Evidence Sidecar — Explicit Full-Details Provenance\""}
{"ts":"2026-07-22T01:41:25.836542Z","type":"spec.status_changed","agent":"human/chet-bellows","slug":"lazy-tracker-evidence-sidecar","message":"status -\u003e completed"}
{"ts":"2026-07-22T01:41:27.573454Z","type":"delivery_complete","agent":"human/chet-bellows","slug":"tracker-source-fidelity-and-evidence","message":"\"Tracker Source Fidelity — Canonical Jira Markdown and Lazy Evidence Provenance\""}
{"ts":"2026-07-22T01:41:27.573594Z","type":"spec.status_changed","agent":"human/chet-bellows","slug":"tracker-source-fidelity-and-evidence","message":"status -\u003e completed"}
{"ts":"2026-07-22T01:50:33.783254Z","type":"peer.call.invoked","agent":"hero","slug":"tracker-source-fidelity-and-evidence","message":"peer call spec-out mode=spec-out target=hero-code call_id=18c47995229b86e8a75dfe703578bf38"}
{"ts":"2026-07-22T01:54:10.906126Z","type":"peer.handoff.sent","agent":"hero","slug":"lazy-tracker-evidence-sidecar","message":"handed off to hero-code/lazy-tracker-evidence-sidecar (peer_id cd8dd06d-3df1-4878-a88f-24593dcbb4b3)"}
{"ts":"2026-07-22T01:54:16.184779Z","type":"peer.call.completed","agent":"hero","slug":"tracker-source-fidelity-and-evidence","message":"peer call result unparseable: no \u003cpeer-call-result\u003e fence in subagent output (first 800 bytes: Execution error) (call_id 18c47995229b86e8a75dfe703578bf38)"}
{"ts":"2026-07-22T20:30:26.117357Z","type":"delivery_complete","agent":"human/chet-bellows","slug":"tracker-project-snapshot-contract","message":"\"Tracker project snapshot contract\""}
{"ts":"2026-07-22T20:30:26.117464Z","type":"spec.status_changed","agent":"human/chet-bellows","slug":"tracker-project-snapshot-contract","message":"status -\u003e completed"}
{"ts":"2026-07-22T20:30:28.230649Z","type":"delivery_complete","agent":"human/chet-bellows","slug":"tracker-source-reconciliation","message":"\"Tracker import fidelity and render-safe reconciliation\""}
{"ts":"2026-07-22T20:30:28.230745Z","type":"spec.status_changed","agent":"human/chet-bellows","slug":"tracker-source-reconciliation","message":"status -\u003e completed"}
{"event":"claimed","slug":"durable-attention-contracts","agent":"codex","at":"2026-07-22T17:56:51.006028-06:00"}
{"ts":"2026-07-23T00:20:27.013544Z","type":"delivery_complete","agent":"human/chet-bellows","slug":"durable-attention-contracts","message":"\"Durable Attention Contracts — Ownership, Storage, Compatibility, and Trust\""}
{"ts":"2026-07-23T00:20:27.013619Z","type":"spec.status_changed","agent":"human/chet-bellows","slug":"durable-attention-contracts","message":"status -\u003e completed"}
{"ts":"2026-07-23T01:33:55.371661Z","type":"delivery_complete","agent":"human/chet-bellows","slug":"personal-focus-core","message":"\"Personal Focus Core — Prompt-Backed Work Across Projects\""}
{"ts":"2026-07-23T01:33:55.371775Z","type":"spec.status_changed","agent":"human/chet-bellows","slug":"personal-focus-core","message":"status -\u003e completed"}
{"ts":"2026-07-23T01:57:33.833816Z","type":"delivery_complete","agent":"human/chet-bellows","slug":"project-mail-core","message":"\"Project Mail Core — Local Asynchronous Project Messaging\""}
{"ts":"2026-07-23T01:57:33.833887Z","type":"spec.status_changed","agent":"human/chet-bellows","slug":"project-mail-core","message":"status -\u003e completed"}
{"ts":"2026-07-23T02:25:24.454758Z","type":"delivery_complete","agent":"human/chet-bellows","slug":"deferred-work-suggestion-contract","message":"\"Deferred Work Suggestion Contract — Explicitly Accepted Focus\""}
{"ts":"2026-07-23T02:25:24.454854Z","type":"spec.status_changed","agent":"human/chet-bellows","slug":"deferred-work-suggestion-contract","message":"status -\u003e completed"}
{"ts":"2026-07-23T02:38:49.807472Z","type":"delivery_complete","agent":"human/chet-bellows","slug":"hero-idea-primitive-core","message":"\"Intake primitive — Go engine recognition, committed-work predicate, CLI \u0026 MCP\""}
{"ts":"2026-07-23T02:38:49.807555Z","type":"spec.status_changed","agent":"human/chet-bellows","slug":"hero-idea-primitive-core","message":"status -\u003e completed"}
{"ts":"2026-07-23T03:23:08.332782Z","type":"delivery_complete","agent":"human/chet-bellows","slug":"project-mail-triage-and-provenance","message":"\"Project Mail Triage and Provenance — From Signal to Explicit Work\""}
{"ts":"2026-07-23T03:23:08.332857Z","type":"spec.status_changed","agent":"human/chet-bellows","slug":"project-mail-triage-and-provenance","message":"status -\u003e completed"}
{"ts":"2026-07-23T03:24:55.744064Z","type":"drive.pause_outcome","agent":"human","slug":"durable-attention","message":"drive pause SeamDetected resolved: approved"}
{"ts":"2026-07-23T03:58:20.040856Z","type":"delivery_complete","agent":"human/chet-bellows","slug":"attention-read-model-v1","message":"\"Attention Read Model v1 — Consumer-Safe Mail and Focus Projection\""}
{"ts":"2026-07-23T03:58:20.041016Z","type":"spec.status_changed","agent":"human/chet-bellows","slug":"attention-read-model-v1","message":"status -\u003e completed"}
{"event":"claimed","slug":"peering-over-project-mail","agent":"feature-delivery-lead","at":"2026-07-22T22:00:34.935884-06:00"}
{"ts":"2026-07-23T04:18:38.957259Z","type":"delivery_complete","agent":"human/chet-bellows","slug":"peering-over-project-mail","message":"\"Peering over Project Mail — Async First, Execution Optional\""}
{"ts":"2026-07-23T04:18:38.957362Z","type":"spec.status_changed","agent":"human/chet-bellows","slug":"peering-over-project-mail","message":"status -\u003e completed"}
{"ts":"2026-07-23T04:18:40.62995Z","type":"delivery_complete","agent":"human/chet-bellows","slug":"durable-attention","message":"\"Durable Attention — Project Mail, Personal Focus, and Explicit Promotion\""}
{"ts":"2026-07-23T04:18:40.630043Z","type":"spec.status_changed","agent":"human/chet-bellows","slug":"durable-attention","message":"status -\u003e completed"}
{"ts":"2026-07-23T21:10:12.644204Z","type":"spec_created","agent":"mcp/hero","slug":"conversational-attention-operability","message":"Composed Conversational Attention Operability with four Hero-owned child stubs, consent-first sequencing, portable-routing dependency, six-harness conformance gates, and a Hero Code peer-native spec-out brief."}
{"event":"claimed","slug":"attention-interaction-consent-contract","agent":"codex","at":"2026-07-23T15:24:36.305121-06:00"}
{"ts":"2026-07-23T21:38:07.199192Z","type":"delivery_complete","agent":"human/chet-bellows","slug":"attention-interaction-consent-contract","message":"\"Attention Interaction Consent Contract — Explicit Intent, Ambiguity, and Effects\""}
{"ts":"2026-07-23T21:38:07.199297Z","type":"spec.status_changed","agent":"human/chet-bellows","slug":"attention-interaction-consent-contract","message":"status -\u003e completed"}
{"ts":"2026-07-23T22:05:02.382676Z","type":"delivery_complete","agent":"human/chet-bellows","slug":"attention-mcp-action-tools","message":"\"Attention MCP Actions — Mail Send, Mail Reply, and Focus Create\""}
{"ts":"2026-07-23T22:05:02.382772Z","type":"spec.status_changed","agent":"human/chet-bellows","slug":"attention-mcp-action-tools","message":"status -\u003e completed"}
{"event":"claimed","slug":"attention-lifecycle-read-awareness","agent":"chet-bellows","at":"2026-07-23T16:08:04.907399-06:00"}
{"ts":"2026-07-23T22:10:22.27184Z","type":"spec_updated","agent":"mcp/hero","slug":"attention-lifecycle-read-awareness","message":"Designed compact bounded MCP Attention awareness, lifecycle boundaries, state semantics, and six-target install contract."}
{"ts":"2026-07-23T22:24:55.937283Z","type":"files_modified","agent":"mcp/hero","slug":"attention-lifecycle-read-awareness","message":"Delivered bounded metadata-only MCP snapshot awareness, deterministic lifecycle guidance, and six-harness native propagation; focused and full Go suites pass; cold audit SHIP clean."}
{"ts":"2026-07-23T22:25:04.375939Z","type":"delivery_complete","agent":"human/chet-bellows","slug":"attention-lifecycle-read-awareness","message":"\"Attention Lifecycle Read Awareness — Bounded Context at Chat Boundaries\""}
{"ts":"2026-07-23T22:25:04.37603Z","type":"spec.status_changed","agent":"human/chet-bellows","slug":"attention-lifecycle-read-awareness","message":"status -\u003e completed"}
{"ts":"2026-07-24T00:38:09.476606Z","type":"spec_created","agent":"mcp/hero","slug":"attention-contract-bundle-publication","message":"Designed the final Hero-owned conversational Attention publication gate: portable routing is now an adopted initiative child, routes publish a versioned phrase corpus, and one deterministic conformance bundle supplies Hero Code with a manifest SHA plus a separately pinned clean Hero commit/release."}
{"ts":"2026-07-24T01:05:32.166503Z","type":"delivery_complete","agent":"human/chet-bellows","slug":"portable-routing-rules","message":"\"Portable Routing Rules — One Canonical Route Source, Every Native Root\""}
{"ts":"2026-07-24T01:05:32.166629Z","type":"spec.status_changed","agent":"human/chet-bellows","slug":"portable-routing-rules","message":"status -\u003e completed"}
{"ts":"2026-07-24T01:23:31.878806Z","type":"delivery_complete","agent":"human/chet-bellows","slug":"attention-conversational-routes","message":"\"Attention Conversational Routes — Natural Language to Safe Hero Actions\""}
{"ts":"2026-07-24T01:23:31.878896Z","type":"spec.status_changed","agent":"human/chet-bellows","slug":"attention-conversational-routes","message":"status -\u003e completed"}
{"ts":"2026-07-24T01:53:09.071019Z","type":"delivery_complete","agent":"human/chet-bellows","slug":"attention-contract-bundle-publication","message":"\"Attention Contract Bundle Publication — Immutable Cross-Repo Conformance Pin\""}
{"ts":"2026-07-24T01:53:09.071111Z","type":"spec.status_changed","agent":"human/chet-bellows","slug":"attention-contract-bundle-publication","message":"status -\u003e completed"}
{"ts":"2026-07-24T01:53:10.938526Z","type":"delivery_complete","agent":"human/chet-bellows","slug":"conversational-attention-operability","message":"\"Conversational Attention Operability — Safe Chat-Loop Access to Mail and Focus\""}
{"ts":"2026-07-24T01:53:10.938634Z","type":"spec.status_changed","agent":"human/chet-bellows","slug":"conversational-attention-operability","message":"status -\u003e completed"}
{"ts":"2026-07-25T16:26:10.430019Z","type":"delivery_complete","agent":"human/chet-bellows","slug":"initiative-autocomplete-ignores-declared-children","message":"\"Initiative auto-completion ignores declared-but-unscaffolded children\""}
{"ts":"2026-07-25T16:26:10.43032Z","type":"spec.status_changed","agent":"human/chet-bellows","slug":"initiative-autocomplete-ignores-declared-children","message":"status -\u003e completed"}
{"ts":"2026-07-25T19:24:08.298926Z","type":"delivery_complete","agent":"human/chet-bellows","slug":"graph-node-identity-repo-scoped","message":"\"Graph node identity is (type, key) — a sibling-repo ingest tombstones the local node\""}
{"ts":"2026-07-25T19:24:08.299064Z","type":"spec.status_changed","agent":"human/chet-bellows","slug":"graph-node-identity-repo-scoped","message":"status -\u003e completed"}
{"ts":"2026-07-25T19:30:57.766408Z","type":"delivery_complete","agent":"human/chet-bellows","slug":"graph-why-resolution-and-peer-spec-indexing","message":"\"hero why fails to resolve specs that hero graph resolves — graph substrate stale + repoKey divergence\""}
{"ts":"2026-07-25T19:30:57.766575Z","type":"spec.status_changed","agent":"human/chet-bellows","slug":"graph-why-resolution-and-peer-spec-indexing","message":"status -\u003e completed"}
{"ts":"2026-07-27T02:36:06.261022Z","type":"delivery_complete","agent":"human/chet-bellows","slug":"status-actionable-summary","message":"\"Actionable Status Summary — In Progress, Upcoming, and Recently Completed\""}
{"ts":"2026-07-27T02:36:06.261174Z","type":"spec.status_changed","agent":"human/chet-bellows","slug":"status-actionable-summary","message":"status -\u003e completed"}
{"ts":"2026-07-27T19:37:20.535308Z","type":"delivery_complete","agent":"human/chet-bellows","slug":"incremental-code-graph-refresh","message":"\"Incremental Code Graph Refresh\""}
{"ts":"2026-07-27T19:37:20.535444Z","type":"spec.status_changed","agent":"human/chet-bellows","slug":"incremental-code-graph-refresh","message":"status -\u003e completed"}
{"ts":"2026-07-27T20:03:06.620583Z","type":"delivery_complete","agent":"human/chet-bellows","slug":"embeddings-never-refresh-on-commit","message":"\"Semantic embeddings never refresh on commit\""}
{"ts":"2026-07-27T20:03:06.620717Z","type":"spec.status_changed","agent":"human/chet-bellows","slug":"embeddings-never-refresh-on-commit","message":"status -\u003e completed"}
{"ts":"2026-07-27T20:36:47.68749Z","type":"delivery_complete","agent":"human/chet-bellows","slug":"hook-driven-index-freshness","message":"\"Hook-Driven Index Freshness\""}
{"ts":"2026-07-27T20:36:47.687594Z","type":"spec.status_changed","agent":"human/chet-bellows","slug":"hook-driven-index-freshness","message":"status -\u003e completed"}
{"ts":"2026-07-27T20:36:49.963895Z","type":"delivery_complete","agent":"human/chet-bellows","slug":"continuous-code-index-freshness","message":"\"Continuous Code-Index Freshness\""}
{"ts":"2026-07-27T20:36:49.964017Z","type":"spec.status_changed","agent":"human/chet-bellows","slug":"continuous-code-index-freshness","message":"status -\u003e completed"}
{"ts":"2026-07-27T21:42:52.685336Z","type":"delivery_complete","agent":"human/chet-bellows","slug":"windows-file-lock-cross-build","message":"\"Unix-only file locks break Windows release builds\""}
{"ts":"2026-07-27T21:42:52.685478Z","type":"spec.status_changed","agent":"human/chet-bellows","slug":"windows-file-lock-cross-build","message":"status -\u003e completed"}
{"ts":"2026-07-28T00:28:44.996511Z","type":"delivery_complete","agent":"human/chet-bellows","slug":"code-host-integration-capability-model","message":"\"Code-host integration capability model\""}
{"ts":"2026-07-28T00:28:44.996635Z","type":"spec.status_changed","agent":"human/chet-bellows","slug":"code-host-integration-capability-model","message":"status -\u003e completed"}
{"ts":"2026-07-28T01:18:17.122673Z","type":"delivery_complete","agent":"human/chet-bellows","slug":"code-host-broker-v1-contract","message":"\"Code-host broker v1 contract\""}
{"ts":"2026-07-28T01:18:17.122839Z","type":"spec.status_changed","agent":"human/chet-bellows","slug":"code-host-broker-v1-contract","message":"status -\u003e completed"}
{"ts":"2026-07-28T01:55:22.185822Z","type":"delivery_complete","agent":"human/chet-bellows","slug":"github-code-host-read-adapter","message":"\"GitHub code-host read adapter\""}
{"ts":"2026-07-28T01:55:22.185948Z","type":"spec.status_changed","agent":"human/chet-bellows","slug":"github-code-host-read-adapter","message":"status -\u003e completed"}
{"ts":"2026-07-28T02:24:47.954105Z","type":"delivery_complete","agent":"human/chet-bellows","slug":"github-pull-request-create-broker","message":"\"GitHub pull-request creation broker\""}
{"ts":"2026-07-28T02:24:47.954223Z","type":"spec.status_changed","agent":"human/chet-bellows","slug":"github-pull-request-create-broker","message":"status -\u003e completed"}
{"ts":"2026-07-28T03:03:27.357241Z","type":"delivery_complete","agent":"human/chet-bellows","slug":"github-pull-request-collaboration-broker","message":"\"GitHub pull-request collaboration broker\""}
{"ts":"2026-07-28T03:03:27.357517Z","type":"spec.status_changed","agent":"human/chet-bellows","slug":"github-pull-request-collaboration-broker","message":"status -\u003e completed"}
{"ts":"2026-07-28T03:32:02.812838Z","type":"delivery_complete","agent":"human/chet-bellows","slug":"github-pull-request-state-transition-broker","message":"\"GitHub pull-request state-transition broker\""}
{"ts":"2026-07-28T03:32:02.812947Z","type":"spec.status_changed","agent":"human/chet-bellows","slug":"github-pull-request-state-transition-broker","message":"status -\u003e completed"}
{"ts":"2026-07-28T04:17:32.912368Z","type":"delivery_complete","agent":"human/chet-bellows","slug":"github-pull-request-merge-broker","message":"\"GitHub pull-request merge broker\""}
{"ts":"2026-07-28T04:17:32.912476Z","type":"spec.status_changed","agent":"human/chet-bellows","slug":"github-pull-request-merge-broker","message":"status -\u003e completed"}
{"ts":"2026-07-28T05:01:07.331307Z","type":"delivery_complete","agent":"human/chet-bellows","slug":"code-host-broker-surfaces-and-conformance","message":"\"Code-host broker surfaces and conformance\""}
{"ts":"2026-07-28T05:01:07.331418Z","type":"spec.status_changed","agent":"human/chet-bellows","slug":"code-host-broker-surfaces-and-conformance","message":"status -\u003e completed"}
{"ts":"2026-07-28T05:01:09.045061Z","type":"delivery_complete","agent":"human/chet-bellows","slug":"hero-code-host-broker-capabilities","message":"\"Code Host Broker Capabilities — Hero-owned PR lifecycle boundary\""}
{"ts":"2026-07-28T05:01:09.045146Z","type":"spec.status_changed","agent":"human/chet-bellows","slug":"hero-code-host-broker-capabilities","message":"status -\u003e completed"}
{"ts":"2026-07-30T14:48:02.387975Z","type":"mail.promote","agent":"hero-mail","slug":"mail-3ab437af53c66997e94a0268","message":"promote mail_3ab437af53c66997e94a0268 (thread mail_3ab437af53c66997e94a0268)"}
{"ts":"2026-07-30T16:28:51.673015Z","type":"delivery_complete","agent":"human/chet-bellows","slug":"mail-3ab437af53c66997e94a0268","message":"\"Jira attachment content is blocked by broker redirect policy\""}
{"ts":"2026-07-30T16:28:51.67313Z","type":"spec.status_changed","agent":"human/chet-bellows","slug":"mail-3ab437af53c66997e94a0268","message":"status -\u003e completed"}
{"ts":"2026-07-30T17:41:46.499372Z","type":"delivery_complete","agent":"human/chet-bellows","slug":"code-host-authenticated-actor-mcp-schema-parity","message":"\"Authenticated-actor MCP schema incorrectly requires a pull request\""}
{"ts":"2026-07-30T17:41:46.499508Z","type":"spec.status_changed","agent":"human/chet-bellows","slug":"code-host-authenticated-actor-mcp-schema-parity","message":"status -\u003e completed"}
{"ts":"2026-07-30T18:12:16.964498Z","type":"delivery_complete","agent":"human/chet-bellows","slug":"code-host-cancel-after-apply-test-timing","message":"\"Code-host cancel-after-apply tests race provider dispatch\""}
{"ts":"2026-07-30T18:12:16.964598Z","type":"spec.status_changed","agent":"human/chet-bellows","slug":"code-host-cancel-after-apply-test-timing","message":"status -\u003e completed"}
{"ts":"2026-08-03T20:44:32.204023Z","type":"delivery_complete","agent":"human/chet-bellows","slug":"prompt-and-tty-contract-closure","message":"\"Prompt and TTY Contract Closure\""}
{"ts":"2026-08-03T20:44:32.204114Z","type":"spec.status_changed","agent":"human/chet-bellows","slug":"prompt-and-tty-contract-closure","message":"status -\u003e completed"}
{"ts":"2026-08-03T21:01:26.865012Z","type":"delivery_complete","agent":"human/chet-bellows","slug":"corpus-selector-closure","message":"\"Corpus Selector Closure\""}
{"ts":"2026-08-03T21:01:26.866333Z","type":"spec.status_changed","agent":"human/chet-bellows","slug":"corpus-selector-closure","message":"status -\u003e completed"}
{"ts":"2026-08-03T21:25:43.149446Z","type":"delivery_complete","agent":"human/chet-bellows","slug":"interactive-setup-and-connect-closure","message":"\"Interactive Setup and Connect Closure\""}
{"ts":"2026-08-03T21:25:43.14966Z","type":"spec.status_changed","agent":"human/chet-bellows","slug":"interactive-setup-and-connect-closure","message":"status -\u003e completed"}
{"ts":"2026-08-03T21:46:11.629063Z","type":"delivery_complete","agent":"human/chet-bellows","slug":"interactive-cli-acceptance-and-merge-gate","message":"\"Interactive CLI Acceptance and Merge Gate\""}
{"ts":"2026-08-03T21:46:11.629154Z","type":"spec.status_changed","agent":"human/chet-bellows","slug":"interactive-cli-acceptance-and-merge-gate","message":"status -\u003e completed"}
{"ts":"2026-08-03T21:46:13.103164Z","type":"delivery_complete","agent":"human/chet-bellows","slug":"interactive-cli-input-scoped-completion","message":"\"Interactive CLI Input — Scoped Completion\""}
{"ts":"2026-08-03T21:46:13.103325Z","type":"spec.status_changed","agent":"human/chet-bellows","slug":"interactive-cli-input-scoped-completion","message":"status -\u003e completed"}
{"ts":"2026-08-04T05:56:23.19191Z","type":"delivery_complete","agent":"human/chet-bellows","slug":"cli-successor-test-contract-reconciliation","message":"\"Interactive CLI successor tests contradict the delivered contract\""}
{"ts":"2026-08-04T05:56:23.191994Z","type":"spec.status_changed","agent":"human/chet-bellows","slug":"cli-successor-test-contract-reconciliation","message":"status -\u003e completed"}
{"ts":"2026-08-13T01:15:06.166267Z","type":"delivery_complete","agent":"human/chet-bellows","slug":"mcp-tool-category-metadata","message":"\"MCP Tool Category \u0026 Tier Metadata — one label set every harness defers on\""}
{"ts":"2026-08-13T01:15:06.166634Z","type":"spec.status_changed","agent":"human/chet-bellows","slug":"mcp-tool-category-metadata","message":"status -\u003e completed"}
{"ts":"2026-08-14T15:59:41.697643Z","type":"delivery_complete","agent":"human/chet-bellows","slug":"single-source-install","message":"Single-Source Install — One Canonical Tree, Every Harness Reads It"}
{"ts":"2026-08-14T15:59:41.697734Z","type":"spec.status_changed","agent":"human/chet-bellows","slug":"single-source-install","message":"status -\u003e completed"}
{"ts":"2026-08-14T16:29:37.11837Z","type":"delivery_complete","agent":"human/chet-bellows","slug":"hero-desktop-release-artifact-contract","message":"\"Hero release cannot supply a version-matched binary artifact to Hero Desktop\""}
{"ts":"2026-08-14T16:29:37.118485Z","type":"spec.status_changed","agent":"human/chet-bellows","slug":"hero-desktop-release-artifact-contract","message":"status -\u003e completed"}
{"ts":"2026-08-17T18:39:29.768226Z","type":"delivery_complete","agent":"human/chet-bellows","slug":"cross-project-mail-read-contract","message":"\"Cross-Project Mail Read Contract — Paged Metadata and Full Detail\""}
{"ts":"2026-08-17T18:39:29.768369Z","type":"spec.status_changed","agent":"human/chet-bellows","slug":"cross-project-mail-read-contract","message":"status -\u003e completed"}
{"ts":"2026-08-18T03:44:33.593672Z","type":"delivery_complete","agent":"human/chet-bellows","slug":"grok-build-harness-target","message":"\"Grok Build Harness Target — Native Agents, Workflow Skills, MCP, and Lifecycle Parity\""}
{"ts":"2026-08-18T03:44:33.593821Z","type":"spec.status_changed","agent":"human/chet-bellows","slug":"grok-build-harness-target","message":"status -\u003e completed"}
{"ts":"2026-08-18T03:44:35.523056Z","type":"delivery_complete","agent":"human/chet-bellows","slug":"install-upgrade-contract-coverage","message":"Install + Upgrade Contract Coverage — Prove Every Target Works Every Time"}
{"ts":"2026-08-18T03:44:35.523139Z","type":"spec.status_changed","agent":"human/chet-bellows","slug":"install-upgrade-contract-coverage","message":"status -\u003e completed"}
{"ts":"2026-08-18T04:57:00.611764Z","type":"delivery_complete","agent":"human/chet-bellows","slug":"node-index-repo-identity-collision","message":"\"Repo-scoped graph nodes collide in the search projection and break hero scan\""}
{"ts":"2026-08-18T04:57:00.611943Z","type":"spec.status_changed","agent":"human/chet-bellows","slug":"node-index-repo-identity-collision","message":"status -\u003e completed"}
{"ts":"2026-08-22T22:37:35.382107Z","type":"delivery_complete","agent":"human/chet-bellows","slug":"pm-public-pack","message":"Public Product Management Capability Pack"}
{"ts":"2026-08-22T22:37:35.382204Z","type":"spec.status_changed","agent":"human/chet-bellows","slug":"pm-public-pack","message":"status -\u003e completed"}
{"ts":"2026-08-22T23:00:13.260424Z","type":"delivery_complete","agent":"human/chet-bellows","slug":"qa-public-pack","message":"Public Quality Assurance Capability Pack"}
{"ts":"2026-08-22T23:00:13.260559Z","type":"spec.status_changed","agent":"human/chet-bellows","slug":"qa-public-pack","message":"status -\u003e completed"}
{"ts":"2026-08-23T00:25:35.451553Z","type":"delivery_complete","agent":"human/chet-bellows","slug":"dual-mode-pm-qa-capability-packs","message":"Dual-Mode PM and QA Capability Packs"}
{"ts":"2026-08-23T00:25:35.451638Z","type":"spec.status_changed","agent":"human/chet-bellows","slug":"dual-mode-pm-qa-capability-packs","message":"status -\u003e completed"}
{"ts":"2026-08-23T01:17:32.199263Z","type":"mail.promote","agent":"hero-mail","slug":"mail-d20bcb1654f2bb82d4d973b1","message":"promote mail_d20bcb1654f2bb82d4d973b1 (thread mail_d20bcb1654f2bb82d4d973b1)"}
{"ts":"2026-08-23T01:56:15.76497Z","type":"mail.promote","agent":"hero-mail","slug":"mail-da2727fd11615a9cafa5125c","message":"promote mail_da2727fd11615a9cafa5125c (thread mail_da2727fd11615a9cafa5125c)"}
{"ts":"2026-08-23T16:07:21.204561Z","type":"delivery_complete","agent":"human/chet-bellows","slug":"hero-public-truth-baseline","message":"\"Hero Shipped Surface Inventory\""}
{"ts":"2026-08-23T16:07:21.204676Z","type":"spec.status_changed","agent":"human/chet-bellows","slug":"hero-public-truth-baseline","message":"status -\u003e completed"}
{"ts":"2026-08-23T16:28:34.920967Z","type":"delivery_complete","agent":"human/chet-bellows","slug":"hero-licensing-boundary-and-provenance","message":"\"Hero Licensing Boundary and Open-Source Inventory\""}
{"ts":"2026-08-23T16:28:34.921081Z","type":"spec.status_changed","agent":"human/chet-bellows","slug":"hero-licensing-boundary-and-provenance","message":"status -\u003e completed"}
{"ts":"2026-08-23T16:47:09.202389Z","type":"delivery_complete","agent":"human/chet-bellows","slug":"hero-positioning","message":"\"Hero Positioning — Durable Project Memory and Verified Delivery\""}
{"ts":"2026-08-23T16:47:09.202491Z","type":"spec.status_changed","agent":"human/chet-bellows","slug":"hero-positioning","message":"status -\u003e completed"}
{"ts":"2026-08-23T17:23:08.591323Z","type":"delivery_complete","agent":"human/chet-bellows","slug":"hero-hosted-docs-remediation","message":"\"Hero Hosted Documentation Truth and Capability Refresh\""}
{"ts":"2026-08-23T17:23:08.591426Z","type":"spec.status_changed","agent":"human/chet-bellows","slug":"hero-hosted-docs-remediation","message":"status -\u003e completed"}
{"ts":"2026-08-23T17:50:31.986882Z","type":"delivery_complete","agent":"human/chet-bellows","slug":"hero-root-docs-remediation","message":"\"Hero Root Documentation Truth Repair\""}
{"ts":"2026-08-23T17:50:32.007002Z","type":"spec.status_changed","agent":"human/chet-bellows","slug":"hero-root-docs-remediation","message":"status -\u003e completed"}
{"ts":"2026-08-23T19:26:38.501744Z","type":"delivery_complete","agent":"human/chet-bellows","slug":"hero-landing-message-refresh","message":"\"Hero Landing Message and Proof Refresh\""}
{"ts":"2026-08-23T19:26:38.501886Z","type":"spec.status_changed","agent":"human/chet-bellows","slug":"hero-landing-message-refresh","message":"status -\u003e completed"}
{"ts":"2026-08-23T20:05:48.635996Z","type":"delivery_complete","agent":"human/chet-bellows","slug":"hero-public-repo-readiness","message":"\"Hero Public Repository Readiness\""}
{"ts":"2026-08-23T20:05:48.636127Z","type":"spec.status_changed","agent":"human/chet-bellows","slug":"hero-public-repo-readiness","message":"status -\u003e completed"}
{"ts":"2026-08-23T21:31:09.64595Z","type":"delivery_complete","agent":"human/chet-bellows","slug":"hero-public-docs-drift-guard","message":"\"Hero Public Documentation Drift Guard\""}
{"ts":"2026-08-23T21:31:09.646072Z","type":"spec.status_changed","agent":"human/chet-bellows","slug":"hero-public-docs-drift-guard","message":"status -\u003e completed"}
{"ts":"2026-08-23T22:00:19.725511Z","type":"delivery_complete","agent":"human/chet-bellows","slug":"hero-v034-release-prep","message":"\"Hero v0.34 Release Preparation\""}
{"ts":"2026-08-23T22:00:19.725618Z","type":"spec.status_changed","agent":"human/chet-bellows","slug":"hero-v034-release-prep","message":"status -\u003e completed"}
{"ts":"2026-08-24T00:45:25.799838Z","type":"delivery_complete","agent":"human/chet-bellows","slug":"hero-apache-license-grant-gate","message":"\"Hero Apache-2.0 License Grant Gate\""}
{"ts":"2026-08-24T00:45:25.799947Z","type":"spec.status_changed","agent":"human/chet-bellows","slug":"hero-apache-license-grant-gate","message":"status -\u003e completed"}
{"ts":"2026-08-24T01:49:29.189699Z","type":"delivery_complete","agent":"human/chet-bellows","slug":"remove-invented-preview-marketing-copy","message":"\"Remove Invented Preview and Internal Launch Copy from Public Marketing\""}
{"ts":"2026-08-24T01:49:29.18981Z","type":"spec.status_changed","agent":"human/chet-bellows","slug":"remove-invented-preview-marketing-copy","message":"status -\u003e completed"}
{"ts":"2026-08-23T00:45:42.353185Z","type":"mail.promote","agent":"hero-mail","slug":"mail-b7ca19966ac5041e6ff604dd","message":"promote mail_b7ca19966ac5041e6ff604dd (thread mail_b7ca19966ac5041e6ff604dd)"}
{"ts":"2026-08-23T01:16:31.392859Z","type":"delivery_complete","agent":"human/chet-bellows","slug":"mail-b7ca19966ac5041e6ff604dd","message":"\"Mail thread lifecycle contract and state\""}
{"ts":"2026-08-23T01:16:31.393021Z","type":"spec.status_changed","agent":"human/chet-bellows","slug":"mail-b7ca19966ac5041e6ff604dd","message":"status -\u003e completed"}
{"ts":"2026-08-23T01:55:15.497733Z","type":"delivery_complete","agent":"human/chet-bellows","slug":"mail-d20bcb1654f2bb82d4d973b1","message":"\"Mail typed resolution and reconciliation\""}
{"ts":"2026-08-23T01:55:15.497817Z","type":"spec.status_changed","agent":"human/chet-bellows","slug":"mail-d20bcb1654f2bb82d4d973b1","message":"status -\u003e completed"}
{"ts":"2026-08-23T02:27:58.355439Z","type":"delivery_complete","agent":"human/chet-bellows","slug":"mail-da2727fd11615a9cafa5125c","message":"\"Mail thread attention projection and history\""}
{"ts":"2026-08-23T02:27:58.355529Z","type":"spec.status_changed","agent":"human/chet-bellows","slug":"mail-da2727fd11615a9cafa5125c","message":"status -\u003e completed"}
{"ts":"2026-08-23T02:38:45.914707Z","type":"delivery_complete","agent":"human/chet-bellows","slug":"mail-thread-foreground-read-action","message":"Mail Thread Foreground Read Action"}
{"ts":"2026-08-23T02:38:45.916474Z","type":"spec.status_changed","agent":"human/chet-bellows","slug":"mail-thread-foreground-read-action","message":"status -\u003e completed"}
{"ts":"2026-08-23T16:22:37.501278Z","type":"delivery_complete","agent":"human/chet-bellows","slug":"project-mail-thread-lifecycle-mcp-parity","message":"\"Project Mail thread lifecycle contract is HTTP-only and unavailable to bundled clients\""}
{"ts":"2026-08-23T16:22:37.501379Z","type":"spec.status_changed","agent":"human/chet-bellows","slug":"project-mail-thread-lifecycle-mcp-parity","message":"status -\u003e completed"}
{"ts":"2026-08-24T16:23:36.207502Z","type":"delivery_complete","agent":"human/chet-bellows","slug":"hero-public-visibility-launch-gate","message":"\"Hero Public Visibility and v0.34 Launch Gate\""}
{"ts":"2026-08-24T16:23:36.207609Z","type":"spec.status_changed","agent":"human/chet-bellows","slug":"hero-public-visibility-launch-gate","message":"status -\u003e completed"}
{"ts":"2026-08-24T16:23:37.70472Z","type":"delivery_complete","agent":"human/chet-bellows","slug":"hero-marketing","message":"\"Hero v0.34 Public Release Readiness\""}
{"ts":"2026-08-24T16:23:37.70482Z","type":"spec.status_changed","agent":"human/chet-bellows","slug":"hero-marketing","message":"status -\u003e completed"}
{"ts":"2026-09-23T00:07:23.913095Z","type":"delivery_complete","agent":"human/chet-bellows","slug":"codex-command-workflow-surface-split-brain","message":"\"Codex advertises Hero workflows that are absent from its native skill surface\""}
{"ts":"2026-09-23T00:07:23.913205Z","type":"spec.status_changed","agent":"human/chet-bellows","slug":"codex-command-workflow-surface-split-brain","message":"status -\u003e completed"}
{"ts":"2026-09-25T00:33:26.645154Z","type":"delivery_complete","agent":"human/chet-bellows","slug":"stale-connect-provider-usage-expectation","message":"\"Connect non-terminal test omits Aha from expected usage\""}
{"ts":"2026-09-25T00:33:26.645261Z","type":"spec.status_changed","agent":"human/chet-bellows","slug":"stale-connect-provider-usage-expectation","message":"status -\u003e completed"}
{"ts":"2026-09-30T16:58:18.25168Z","type":"delivery_complete","agent":"human/chet-bellows","slug":"deepseek-harness-install-target","message":"DeepSeek Harness Install Target"}
{"ts":"2026-09-30T16:58:18.251781Z","type":"spec.status_changed","agent":"human/chet-bellows","slug":"deepseek-harness-install-target","message":"status -\u003e completed"}
{"ts":"2026-09-30T18:27:02.4688Z","type":"delivery_complete","agent":"human/chet-bellows","slug":"sept-review-cleanup","message":"\"September delivery review cleanup — doctor missing paths, Aha gating, managed-block drift, DeepSeek launch guidance\""}
{"ts":"2026-09-30T18:27:02.469061Z","type":"spec.status_changed","agent":"human/chet-bellows","slug":"sept-review-cleanup","message":"status -\u003e completed"}
{"ts":"2026-09-30T23:33:07.060796Z","type":"delivery_complete","agent":"human/chet-bellows","slug":"deepseek-project-mcp-registration","message":"\"DeepSeek project install leaves MCP inactive — register Hero in the DeepSeek home patch\""}
{"ts":"2026-09-30T23:33:07.06091Z","type":"spec.status_changed","agent":"human/chet-bellows","slug":"deepseek-project-mcp-registration","message":"status -\u003e completed"}
{"ts":"2026-09-29T11:35:30.585257Z","type":"delivery_complete","agent":"human/david-christiansen","slug":"resume-emits-dead-recall-command","message":"\"Cold-start digest emits a dead `hero recall` command — and a test enforces it\""}
{"ts":"2026-09-29T11:35:30.585351Z","type":"spec.status_changed","agent":"human/david-christiansen","slug":"resume-emits-dead-recall-command","message":"status -\u003e completed"}
{"ts":"2026-09-29T10:01:12.628878Z","type":"delivery_complete","agent":"human/david-christiansen","slug":"ledger-signoff-substring-match-fails-open","message":"\"Completion Ledger sign-off gate fails open — any note mentioning [signed-off] self-approves\""}
{"ts":"2026-09-29T10:01:12.629022Z","type":"spec.status_changed","agent":"human/david-christiansen","slug":"ledger-signoff-substring-match-fails-open","message":"status -\u003e completed"}
{"ts":"2026-10-06T23:08:21.183714Z","type":"delivery_complete","agent":"human/chet-bellows","slug":"spec-title-keeps-yaml-quotes","message":"Spec titles keep their YAML quotes in hero_list and hero list"}
{"ts":"2026-10-06T23:08:21.183832Z","type":"spec.status_changed","agent":"human/chet-bellows","slug":"spec-title-keeps-yaml-quotes","message":"status -\u003e completed"}
{"ts":"2026-10-06T23:08:23.676082Z","type":"delivery_complete","agent":"human/chet-bellows","slug":"upgrade-refreshes-managed-gitignore","message":"hero upgrade never refreshes the managed .gitignore block, so new entries miss existing workspaces"}
{"ts":"2026-10-06T23:08:23.676184Z","type":"spec.status_changed","agent":"human/chet-bellows","slug":"upgrade-refreshes-managed-gitignore","message":"status -\u003e completed"}
{"ts":"2026-10-06T23:43:02.535656Z","type":"delivery_complete","agent":"human/chet-bellows","slug":"next-step-engine","message":"Next-step engine — one deterministic primary action per work item"}
{"ts":"2026-10-06T23:43:02.535826Z","type":"spec.status_changed","agent":"human/chet-bellows","slug":"next-step-engine","message":"status -\u003e completed"}
{"ts":"2026-10-06T23:50:03.582147Z","type":"delivery_complete","agent":"human/chet-bellows","slug":"work-item-model","message":"Work-item model — one WorkItem for every read tool"}
{"ts":"2026-10-06T23:50:03.582302Z","type":"spec.status_changed","agent":"human/chet-bellows","slug":"work-item-model","message":"status -\u003e completed"}
{"ts":"2026-10-06T23:50:06.857219Z","type":"delivery_complete","agent":"human/chet-bellows","slug":"hero-spec-handoff-tools","message":"hero_spec and hero_handoff MCP tools"}
{"ts":"2026-10-06T23:50:06.85733Z","type":"spec.status_changed","agent":"human/chet-bellows","slug":"hero-spec-handoff-tools","message":"status -\u003e completed"}
{"ts":"2026-10-06T23:50:10.117115Z","type":"delivery_complete","agent":"human/chet-bellows","slug":"hero-work-tool","message":"hero_work MCP tool — the work picture with lanes and next steps"}
{"ts":"2026-10-06T23:50:10.117222Z","type":"spec.status_changed","agent":"human/chet-bellows","slug":"hero-work-tool","message":"status -\u003e completed"}
{"ts":"2026-10-06T23:50:13.834752Z","type":"delivery_complete","agent":"human/chet-bellows","slug":"polish-and-suggested","message":"Polish and suggested lists in hero_work"}
{"ts":"2026-10-06T23:50:13.834963Z","type":"spec.status_changed","agent":"human/chet-bellows","slug":"polish-and-suggested","message":"status -\u003e completed"}
{"ts":"2026-10-07T00:01:05.29901Z","type":"delivery_complete","agent":"human/chet-bellows","slug":"read-contract-conformance","message":"Read contract conformance — golden schemas, peer fixture, docs"}
{"ts":"2026-10-07T00:01:05.29926Z","type":"spec.status_changed","agent":"human/chet-bellows","slug":"read-contract-conformance","message":"status -\u003e completed"}
{"ts":"2026-10-07T00:01:09.913326Z","type":"delivery_complete","agent":"human/chet-bellows","slug":"hero-read-contract","message":"Hero read contract — hero_work, hero_spec, hero_handoff for every Hero client"}
{"ts":"2026-10-07T00:01:09.913517Z","type":"spec.status_changed","agent":"human/chet-bellows","slug":"hero-read-contract","message":"status -\u003e completed"}
{"ts":"2026-10-07T02:08:59.537422Z","type":"delivery_complete","agent":"human/chet-bellows","slug":"followup-audit-staleness-git","message":"Delivery-audit staleness misfires after checkout or clone because it compares file mtimes"}
{"ts":"2026-10-07T02:08:59.537541Z","type":"spec.status_changed","agent":"human/chet-bellows","slug":"followup-audit-staleness-git","message":"status -\u003e completed"}
{"ts":"2026-10-07T02:09:02.356725Z","type":"delivery_complete","agent":"human/chet-bellows","slug":"followup-serve-shutdown","message":"hero serve takes 5s to stop and exits with an error when a client holds an idle connection"}
{"ts":"2026-10-07T02:09:02.356835Z","type":"spec.status_changed","agent":"human/chet-bellows","slug":"followup-serve-shutdown","message":"status -\u003e completed"}
{"ts":"2026-10-07T02:09:04.727393Z","type":"delivery_complete","agent":"human/chet-bellows","slug":"followup-epic-parity","message":"Work model treats epics inconsistently and gives containers a misleading verify state"}
{"ts":"2026-10-07T02:09:04.727497Z","type":"spec.status_changed","agent":"human/chet-bellows","slug":"followup-epic-parity","message":"status -\u003e completed"}
{"ts":"2026-10-07T03:16:27.712751Z","type":"delivery_complete","agent":"human/chet-bellows","slug":"why-intake-slug-tie","message":"hero why starts from a promoted intake instead of its spec when both share a slug"}
{"ts":"2026-10-07T03:16:27.712926Z","type":"spec.status_changed","agent":"human/chet-bellows","slug":"why-intake-slug-tie","message":"status -\u003e completed"}
{"ts":"2026-10-07T15:13:05.207347Z","type":"delivery_complete","agent":"human/chet-bellows","slug":"pre-release-sweep-v0-35-3","message":"Pre-release sweep for v0.35.3 — close every open audit note before tagging"}
{"ts":"2026-10-07T15:13:05.207452Z","type":"spec.status_changed","agent":"human/chet-bellows","slug":"pre-release-sweep-v0-35-3","message":"status -\u003e completed"}
{"ts":"2026-10-07T17:09:22.06195Z","type":"delivery_complete","agent":"human/chet-bellows","slug":"symlinked-hero-dir-walks-nothing","message":"A hero folder that is a symlink is walked as empty — Hero finds no specs"}
{"ts":"2026-10-07T17:09:22.06205Z","type":"spec.status_changed","agent":"human/chet-bellows","slug":"symlinked-hero-dir-walks-nothing","message":"status -\u003e completed"}
